Domain,Zone
mjn,CO.ZA
bertelot,CO.ZA
bydsignpharma,CO.ZA
creative-nest,CO.ZA
rothmansdrivingschool,CO.ZA
playgolf,CO.ZA
she-inc,CO.ZA
shelleyheusser,CO.ZA
pinnaclemc,CO.ZA
snipermime,CO.ZA
codal,CO.ZA
abrahamjourneysptyltd,CO.ZA
barikasolutions,CO.ZA
soccerteam,CO.ZA
yeahbuddy,CO.ZA
luhlaza-farming,CO.ZA
fikatech,CO.ZA
plantyard,CO.ZA
legacyinarts,CO.ZA
thecookskitchen,CO.ZA
purecode,CO.ZA
videozone,CO.ZA
nutri-ag,CO.ZA
datacomsolutions,CO.ZA
vida1,CO.ZA
garageast,CO.ZA
citadelartindex,CO.ZA
prettypeculiar,CO.ZA
selaviphotography,CO.ZA
diamatrix83test,CO.ZA
kdexperts,CO.ZA
tophockey,CO.ZA
cjulius,CO.ZA
doggydelights,CO.ZA
blackanvildesign,CO.ZA
trotafrique,CO.ZA
rebeauty,CO.ZA
ohrenschmalstudio,CO.ZA
capewastepaper,CO.ZA
sivukileamandungwanecivilandenterprises,CO.ZA
doctorh,CO.ZA
diewerksmandjie,CO.ZA
all-fencing,CO.ZA
genesiscc,CO.ZA
rectergrate,CO.ZA
popupweddingsa,CO.ZA
dithorisho,CO.ZA
sa-direct,CO.ZA
guns4africa,CO.ZA
ironwoodfilms,CO.ZA
yabd,CO.ZA
dynamicwildflower,CO.ZA
cztech,CO.ZA
drakensbergmountainretreat,CO.ZA
devonconsult,CO.ZA
mediatingworks,CO.ZA
wiztek,CO.ZA
ledworkshop,CO.ZA
ctarecruitment,CO.ZA
fpcomp,CO.ZA
wizemuzik,CO.ZA
universedirect,CO.ZA
elkrusfreight,CO.ZA
armachatrading,CO.ZA
truckofficefurnituremovingminimoversremovalscompaniesmidvaal,CO.ZA
persiancarpetgallery,CO.ZA
honeybrownskin,CO.ZA
huzelstore,CO.ZA
buffsquash,CO.ZA
plett-rentals,CO.ZA
bourbonstreetsteaks,CO.ZA
kallipapoutsisphysio,CO.ZA
zacksims,CO.ZA
richardsbaycocelectricians,CO.ZA
fanalyjobs,CO.ZA
prioritysol,CO.ZA
fpdigitalmedia,CO.ZA
satchelandstitch,CO.ZA
gardenroute-paraglidingflights,CO.ZA
grolab,CO.ZA
mynucleus,CO.ZA
vitarasummit,CO.ZA
interior-decor-photography,CO.ZA
quabb,CO.ZA
saveinsure,CO.ZA
graphicdesignhub,CO.ZA
pyramids,CO.ZA
discoveringhealth,CO.ZA
lloyd007,CO.ZA
fostersceilingdecor,CO.ZA
perfectlyposhevents,CO.ZA
thestringtheory,CO.ZA
aeprinters,CO.ZA
epkccc,CO.ZA
iburst2fax,CO.ZA
phakamanisolutions,CO.ZA
donedevelopments,CO.ZA
gdlk,CO.ZA
the-tea-room,CO.ZA
ourconnection,CO.ZA
gordonfamilydentist,CO.ZA
wallcalendar,CO.ZA
mathschamp,CO.ZA
hoteiyogastudio,CO.ZA
manetwork,CO.ZA
ashamedlanged,CO.ZA
mbg,CO.ZA
oceanchallenge,CO.ZA
advertiseyourbrand,CO.ZA
kfpprojects,CO.ZA
jasmynpretorius,CO.ZA
d-zign-a-cupboard,CO.ZA
downpurbde,CO.ZA
revoice,CO.ZA
ncwsa-shop,CO.ZA
ekhayalethembamissions,CO.ZA
annmays,CO.ZA
cbm-training,CO.ZA
vrvideos,CO.ZA
businessmarketingonline,CO.ZA
jalimanekamthamo,CO.ZA
fynbus,CO.ZA
adultx,CO.ZA
completeagulhas,CO.ZA
ngwanatholo,CO.ZA
lenscorp1,CO.ZA
sgroup1,CO.ZA
simplyweddingflowers,CO.ZA
symetric,CO.ZA
mypixels,CO.ZA
durbellcatering,CO.ZA
kasijoints,CO.ZA
weightassist,CO.ZA
filewave,CO.ZA
my-mentor,CO.ZA
synergymasters,CO.ZA
services4expats,CO.ZA
ipigogo,CO.ZA
madenietrans,CO.ZA
dstv-specials,CO.ZA
outdoorarena,CO.ZA
stonetools,CO.ZA
govsign,CO.ZA
webdesign-in-capetown,CO.ZA
phuthuwainteriors,CO.ZA
vinkube,CO.ZA
wwwlendico,CO.ZA
ehisapp,CO.ZA
empirecoffeeco,CO.ZA
mjqholdings,CO.ZA
localjaydenphotography,CO.ZA
rodtimberproducts,CO.ZA
mazoeservices,CO.ZA
undyedyarns,CO.ZA
masakhanechildhood,CO.ZA
zamappliances,CO.ZA
nozipho,CO.ZA
tightnuts,CO.ZA
jgbplumbing,CO.ZA
jmcpretoria,CO.ZA
oudemolen,CO.ZA
phanoxcars,CO.ZA
mailproxy,CO.ZA
fairmiles,CO.ZA
mofika,CO.ZA
emerck,CO.ZA
phumelelaguesthouse,CO.ZA
flickgroup,CO.ZA
modulaodira,CO.ZA
photopixel,CO.ZA
thepebble,CO.ZA
rockkrawler,CO.ZA
policing,CO.ZA
lindenibidoffice,CO.ZA
ppcexperts-projects,CO.ZA
deaarjag,CO.ZA
humaninterface,CO.ZA
echodesigns,CO.ZA
xsectorfuels,CO.ZA
metcroc,CO.ZA
increasecustomers,CO.ZA
sneakerlisticc,CO.ZA
quickticket,CO.ZA
plump-it,CO.ZA
callmegranite,CO.ZA
tinybubblespetsalon,CO.ZA
khanyisane,CO.ZA
gatewayocc,CO.ZA
zeo,CO.ZA
drlindenberg,CO.ZA
bankonus,CO.ZA
vodacomfixedservices,CO.ZA
empoweredcouriers,CO.ZA
develec,CO.ZA
zaro,CO.ZA
sl10sc,CO.ZA
mpotgieterslt,CO.ZA
bullishfxgroup,CO.ZA
borntorun,CO.ZA
npndlovuattorneys,CO.ZA
brandsgaloresa,CO.ZA
massonmusic,CO.ZA
reahileprimary,CO.ZA
jjajjakasim,CO.ZA
turris,CO.ZA
decor-d-zign,CO.ZA
arethusanengholdings,CO.ZA
partieswithpizzazzdbn,CO.ZA
lobolaloans,CO.ZA
gridhostparkingtest15,CO.ZA
unitedbattery,CO.ZA
wilropharm,CO.ZA
evictthem,CO.ZA
epsitech,CO.ZA
rufuslodi,CO.ZA
lineshenmoodley,CO.ZA
opportunities,CO.ZA
clintkerr,CO.ZA
authenticpictures,CO.ZA
spydaramps,CO.ZA
newbloom,CO.ZA
tfcmjuly2018,CO.ZA
3zconnect,CO.ZA
move2cloud,CO.ZA
alcahol,CO.ZA
activeclothing,CO.ZA
sentofamily,CO.ZA
dekuipe,CO.ZA
richdynamites,CO.ZA
lowpressure,CO.ZA
macrawove,CO.ZA
gardenrouteguesthouse,CO.ZA
tshukhwesolutions,CO.ZA
bellyphunk,CO.ZA
mveloresources,CO.ZA
xenastours,CO.ZA
theimpeccablearoma,CO.ZA
louisvanrensburg,CO.ZA
discountmakeup,CO.ZA
pronkertjie,CO.ZA
essentialchiropractic,CO.ZA
bracebumos,CO.ZA
bashgeneraltrading,CO.ZA
myblossom,CO.ZA
manddaffair,CO.ZA
versaillesveal,CO.ZA
vagabondsa,CO.ZA
aregoletechnologies,CO.ZA
ikhishirecords,CO.ZA
goglandscapes,CO.ZA
sfwprodcom,CO.ZA
tootabi,CO.ZA
shadiemm,CO.ZA
vuyocallingmusicprodustion,CO.ZA
pictureyourlife,CO.ZA
13turtle,CO.ZA
sportmaxx,CO.ZA
barefootministries,CO.ZA
olvaro,CO.ZA
hospitalmomsunite,CO.ZA
hisense-washerdryerrepairs,CO.ZA
jeep4sale,CO.ZA
ribhouse,CO.ZA
neferu,CO.ZA
khashisking,CO.ZA
soul-of-ukzn,CO.ZA
luberg,CO.ZA
perfumeaddictssa,CO.ZA
lionelandlere,CO.ZA
radsdigital,CO.ZA
austinarchitects,CO.ZA
highveldbearings,CO.ZA
motormartvwchallenge,CO.ZA
scan4u,CO.ZA
directquote,CO.ZA
verifund,CO.ZA
tydera,CO.ZA
hillah,CO.ZA
incept,CO.ZA
rolfeschemicals,CO.ZA
alldaysplumbing,CO.ZA
krnattorneys,CO.ZA
cosatto,CO.ZA
bengalo,CO.ZA
herpride,CO.ZA
jannekejanneke,CO.ZA
castudents,CO.ZA
masscashstore,CO.ZA
blocplacements,CO.ZA
ipadshopsa,CO.ZA
cryptodebitcard,CO.ZA
stafflinks,CO.ZA
victormailer-za,CO.ZA
montagu4seasons,CO.ZA
sarumengineering,CO.ZA
africagardenfourways,CO.ZA
oraclewines,CO.ZA
pdsgroup,CO.ZA
solaralternativeenergy,CO.ZA
siliconjoburg,CO.ZA
ingonyamashuttleservice,CO.ZA
quotesfast,CO.ZA
instantgifts,CO.ZA
dsearthmovingrepairs,CO.ZA
kinkymane,CO.ZA
sirms,CO.ZA
leweni,CO.ZA
melkboskidsacademy,CO.ZA
rigandmove,CO.ZA
conscan,CO.ZA
dynamicstudents,CO.ZA
ibrogaf,CO.ZA
capetowntraveltours,CO.ZA
magnojet,CO.ZA
thelocals,CO.ZA
cmail,CO.ZA
anakazo,CO.ZA
tumitransportandlogistics,CO.ZA
mysticcove,CO.ZA
nhcollege,CO.ZA
khunollait,CO.ZA
ignitenutrition,CO.ZA
kidspoolparty,CO.ZA
signaturehair,CO.ZA
macrae,CO.ZA
cookglobaleatlocal,CO.ZA
couple,CO.ZA
avastdistributorsa,CO.ZA
phibrosalmonella,CO.ZA
gaabomothobookings,CO.ZA
malsak,CO.ZA
procomglobalenergy,CO.ZA
datebuzz,CO.ZA
donandfranci,CO.ZA
3in1liposlim,CO.ZA
crxrlp,CO.ZA
uhone,CO.ZA
dreamgenetics,CO.ZA
jazzhands,CO.ZA
ranartle,CO.ZA
thelisa,CO.ZA
justkidz,CO.ZA
thefrontstore,CO.ZA
omgcakessa,CO.ZA
jjjwinders,CO.ZA
supertots,CO.ZA
a1homeimprovements,CO.ZA
malkiaorganics,CO.ZA
vukuzaattorneys,CO.ZA
mycreator,CO.ZA
ditloufood,CO.ZA
paverbricks,CO.ZA
soleproprietor,CO.ZA
byowners,CO.ZA
imipublishing,CO.ZA
fridgereviews,CO.ZA
fetproviders,CO.ZA
touchingborders,CO.ZA
phoenixgfdesign,CO.ZA
wimabam,CO.ZA
take2tees,CO.ZA
twala-inc,CO.ZA
iotis,CO.ZA
theweddingarchitects,CO.ZA
executivepastor,CO.ZA
concretecomplete,CO.ZA
lethube,CO.ZA
olivechiropractic,CO.ZA
netbrannas,CO.ZA
effinghammasjid,CO.ZA
petclippers,CO.ZA
ultimate-e,CO.ZA
naturallydriven,CO.ZA
u2candance,CO.ZA
tuskadventures,CO.ZA
kwikp,CO.ZA
traveltogo,CO.ZA
grifsol,CO.ZA
lucyfur,CO.ZA
pcbou,CO.ZA
ananecommunityprojectsinitiative,CO.ZA
demode,CO.ZA
southafricanpresidents,CO.ZA
smart-online,CO.ZA
jc-e,CO.ZA
truspec,CO.ZA
hygrotech,CO.ZA
megadozen,CO.ZA
chromiumlaboratories,CO.ZA
nomadictents,CO.ZA
physiovhd,CO.ZA
dontbebroke,CO.ZA
bambisama,CO.ZA
podestavilla,CO.ZA
makgabotechnology,CO.ZA
xqr,CO.ZA
thecareercatalysts,CO.ZA
quazard,CO.ZA
maxcomsec,CO.ZA
lazercutgifts,CO.ZA
energyconsumption,CO.ZA
doniquesmit,CO.ZA
taanicrafts,CO.ZA
matikulu,CO.ZA
makhatiniproperty,CO.ZA
credz,CO.ZA
pressrelease-tips,CO.ZA
surestrikefishingtackle,CO.ZA
chefandre,CO.ZA
discountappliances,CO.ZA
triletics,CO.ZA
easternsunshine,CO.ZA
dtrsolutions,CO.ZA
zarexplora,CO.ZA
oasismasoniclodge,CO.ZA
fugardfilms,CO.ZA
okgonnetrading,CO.ZA
delogroup,CO.ZA
hockeyleague,CO.ZA
supersparsaveway,CO.ZA
jackyjet,CO.ZA
mgtpro,CO.ZA
walrusindiana,CO.ZA
thebookseat,CO.ZA
seraton,CO.ZA
notetakers,CO.ZA
eii,CO.ZA
eatdrinkmymessage,CO.ZA
lesol,CO.ZA
unitedsouthafrican,CO.ZA
thakanemahlatsi,CO.ZA
golfrider,CO.ZA
mathmiracles,CO.ZA
digitaltvindaba,CO.ZA
rejoicingatyourword,CO.ZA
fabulousink,CO.ZA
tyrealignment,CO.ZA
oomph-digital,CO.ZA
culturesgroup,CO.ZA
redemptioncoffee,CO.ZA
addabittravelbuddies,CO.ZA
brownsjewellers,CO.ZA
bookmlindo,CO.ZA
nungutt,CO.ZA
vosphysio,CO.ZA
weberbraais,CO.ZA
sewbeautifull,CO.ZA
devlinandmelanie,CO.ZA
digitalunicorn,CO.ZA
exposurescore,CO.ZA
cct-ictservices,CO.ZA
capricom-el,CO.ZA
healingharvest,CO.ZA
novtech,CO.ZA
inhlanzinathi,CO.ZA
cceng,CO.ZA
happily-ever-horsten,CO.ZA
drsoniyespells,CO.ZA
digital,CO.ZA
xkr,CO.ZA
creamdesign,CO.ZA
vktf,CO.ZA
thesaltyolivegrocer,CO.ZA
stratepro-realty,CO.ZA
ovtene,CO.ZA
elizabethardenintervene,CO.ZA
jobsearchgps,CO.ZA
beadbrands,CO.ZA
directlaw,CO.ZA
sambhogayoga,CO.ZA
climatospa,CO.ZA
tmeidesign,CO.ZA
yslegal,CO.ZA
suricate,CO.ZA
scigen,CO.ZA
cloudgraft,CO.ZA
findhealthproviders,CO.ZA
biggerthanme,CO.ZA
ecoequilibrium,CO.ZA
finessejewelry,CO.ZA
sasolattc,CO.ZA
mrgalinha,CO.ZA
plumber-little-falls,CO.ZA
ccpumping,CO.ZA
orderbird,CO.ZA
belliandme,CO.ZA
kidindwefoundation,CO.ZA
theyield,CO.ZA
studylize,CO.ZA
treefellerspretoria,CO.ZA
afrontiers,CO.ZA
agileinnovation,CO.ZA
jkcpbuild,CO.ZA
eyahomeliving,CO.ZA
drsibuyiinc,CO.ZA
ievkq,CO.ZA
dothype,CO.ZA
ovdacom,CO.ZA
mdksolution,CO.ZA
laurmanngroup,CO.ZA
cranesa,CO.ZA
xongotelo,CO.ZA
poepsak,CO.ZA
glassfitfs,CO.ZA
cliquorish,CO.ZA
sarental,CO.ZA
eventologysouthafrica,CO.ZA
nehawuservices,CO.ZA
syntalconnect,CO.ZA
deltaeducation,CO.ZA
di-ox,CO.ZA
smartelectrics,CO.ZA
buymyjeep,CO.ZA
goodhealthdentist,CO.ZA
irrevocableannuity,CO.ZA
letsfarms,CO.ZA
southafricancraftassociation,CO.ZA
netbucket,CO.ZA
johannesburghomes,CO.ZA
rsimbras,CO.ZA
lamoor,CO.ZA
simplifyrentals,CO.ZA
waterkloofrandcentre,CO.ZA
radiotygerberg,CO.ZA
luckycollins,CO.ZA
learnplaymusiconline,CO.ZA
cooldistribution,CO.ZA
squirrelseth,CO.ZA
labourservice,CO.ZA
sdkdskeowr,CO.ZA
virtualinstitute,CO.ZA
deseno,CO.ZA
capejobshop,CO.ZA
3dzine,CO.ZA
zicane,CO.ZA
knap-daar,CO.ZA
pqpxwy,CO.ZA
lehellotravel,CO.ZA
marinahouse,CO.ZA
academiaxsa,CO.ZA
ch4os,CO.ZA
ethekwenihire,CO.ZA
bartolini,CO.ZA
chronsultants,CO.ZA
tuskandfeather,CO.ZA
synergyhaulage,CO.ZA
electriciankloof,CO.ZA
tjmcatering,CO.ZA
ndodasa,CO.ZA
mudpiesnbutterflies,CO.ZA
rosven,CO.ZA
happypeoplebeverages,CO.ZA
wildweatherwear,CO.ZA
uhlawulekile,CO.ZA
hil1are,CO.ZA
syj,CO.ZA
lingalongabb,CO.ZA
adrenalinenergy,CO.ZA
pinkasheventsandpromotions,CO.ZA
reediumboze,CO.ZA
identit,CO.ZA
havaljhbtheglen,CO.ZA
vusubisiconstruction,CO.ZA
cellularinc,CO.ZA
bodibainnovations,CO.ZA
drmukisa,CO.ZA
afrileisure,CO.ZA
innovativcloud,CO.ZA
chimaratrading,CO.ZA
garyg,CO.ZA
npcsolutions,CO.ZA
mgchannel,CO.ZA
40singles,CO.ZA
ubuntuhost,CO.ZA
gamafin,CO.ZA
justgospel,CO.ZA
handsddesigns,CO.ZA
ecdschoolssa,CO.ZA
thesuccesscoach,CO.ZA
tecucom,CO.ZA
zinvo,CO.ZA
earthpots,CO.ZA
homeworkbook,CO.ZA
ceomills,CO.ZA
glmfoundation,CO.ZA
goshawkmutualwealth,CO.ZA
lyposphericrala,CO.ZA
greenwoodwaterproofing,CO.ZA
theproplab,CO.ZA
forestfriendspreschool,CO.ZA
dsproject,CO.ZA
eskbooks,CO.ZA
imbawulafp,CO.ZA
paayfast,CO.ZA
mytemining,CO.ZA
radiostream,CO.ZA
thatchfieldproperty,CO.ZA
impangeleinn,CO.ZA
deepermasrecordings,CO.ZA
vumbiwaproperties,CO.ZA
animaljustice,CO.ZA
blufftarmac,CO.ZA
polystyreneslab,CO.ZA
makrro,CO.ZA
progolfchallenge,CO.ZA
zingsec,CO.ZA
capecctv,CO.ZA
bucktonfam,CO.ZA
aceedceesolutions,CO.ZA
mandentory,CO.ZA
secnetsolutions,CO.ZA
catcomputers,CO.ZA
brandinvest,CO.ZA
centricitsupport,CO.ZA
cfmdental,CO.ZA
tlmzguesthouse,CO.ZA
erawitbank,CO.ZA
paletshe,CO.ZA
lavenderandcream,CO.ZA
infinitohealth,CO.ZA
noteperfect,CO.ZA
roundhousewines,CO.ZA
igetaway,CO.ZA
crynotech,CO.ZA
happyhealthy,CO.ZA
kasieconomix,CO.ZA
mts-hvac,CO.ZA
livingmedia,CO.ZA
publicliabilities,CO.ZA
tuksrugby,CO.ZA
surprize,CO.ZA
sapettraders,CO.ZA
sociativetest,CO.ZA
dsmminingequipment,CO.ZA
prof-host1,CO.ZA
legacyfsprivatetrust,CO.ZA
n-8,CO.ZA
nedbankhome,CO.ZA
factory4,CO.ZA
fusiondebtconsulting,CO.ZA
info-fix,CO.ZA
dropship,CO.ZA
ajrekenmeesters,CO.ZA
mixed-reality,CO.ZA
organiceden,CO.ZA
sumojac,CO.ZA
mayamamba,CO.ZA
abouttimecorner,CO.ZA
x-mats,CO.ZA
pebblesmartwatch,CO.ZA
deepawali,CO.ZA
sedgemeer,CO.ZA
makheku,CO.ZA
bro-it,CO.ZA
meritt,CO.ZA
mjs-creations,CO.ZA
thandekamashego,CO.ZA
metarealestate,CO.ZA
trsfurnituredesign,CO.ZA
maverick4x4,CO.ZA
ximoyiprojects,CO.ZA
kmorobaneattorneys,CO.ZA
hotyogastudio,CO.ZA
fdfingroup,CO.ZA
greenamazonlandscaping,CO.ZA
lekkerdux,CO.ZA
summithealthcare,CO.ZA
teenlifecoach,CO.ZA
frozenpasta,CO.ZA
spcaptasupport,CO.ZA
lalabunny,CO.ZA
videoeditingsoftware,CO.ZA
ferintaylor,CO.ZA
lowcostcarinsurance,CO.ZA
gamco-sa,CO.ZA
maidenscovehotel,CO.ZA
astrydgroup,CO.ZA
andersonsafety,CO.ZA
wandies,CO.ZA
sa-cycle,CO.ZA
alsumic,CO.ZA
myprize,CO.ZA
bluewingvirtual,CO.ZA
iqmsp,CO.ZA
benniebeket,CO.ZA
poweronpainters,CO.ZA
bloom-thrift,CO.ZA
iphc-fsmgflg,CO.ZA
magpieandmerle,CO.ZA
lisinspection,CO.ZA
bobtailconstruction,CO.ZA
imageoncanvas,CO.ZA
specialisedaccess,CO.ZA
afrileather,CO.ZA
wastenot,CO.ZA
unionproducts,CO.ZA
freedigital,CO.ZA
fireballssa,CO.ZA
shyachu,CO.ZA
themokshacollection,CO.ZA
personalisedbandanas,CO.ZA
diyaspa,CO.ZA
fruiteneers,CO.ZA
bookelo,CO.ZA
ishopreal,CO.ZA
divorceattorneykemptonpark,CO.ZA
singlesmingle,CO.ZA
lotterysecrets,CO.ZA
childvisioncare,CO.ZA
lbmaruwa,CO.ZA
surfpad,CO.ZA
buytackle,CO.ZA
freshtees,CO.ZA
mothersassist,CO.ZA
car-port,CO.ZA
shiprepair,CO.ZA
westerncapeplumbers,CO.ZA
aiolosonline,CO.ZA
trancehacktion,CO.ZA
metafuro,CO.ZA
3x3,CO.ZA
nashuaprinters,CO.ZA
bottle-screen-printer,CO.ZA
redeventz,CO.ZA
townshippizza,CO.ZA
reposession-online,CO.ZA
pressence,CO.ZA
emisure,CO.ZA
eldertech,CO.ZA
dotgp-gov,CO.ZA
kpzwfc,CO.ZA
ptycompanyreg,CO.ZA
macrecruit,CO.ZA
sizaprop,CO.ZA
metaldetectingsa,CO.ZA
intolearning,CO.ZA
infocolorpages,CO.ZA
qagri,CO.ZA
stalcor,CO.ZA
koral,CO.ZA
charliesbrewhouse,CO.ZA
kalaharisafaritours,CO.ZA
abrosieza,CO.ZA
tata-fat,CO.ZA
winmoremeat-seafood,CO.ZA
hyperforce,CO.ZA
donaldwendys,CO.ZA
sibongindlela,CO.ZA
discoverytestsite,CO.ZA
exclusiveabodes,CO.ZA
southafricasportstours,CO.ZA
datesandrates,CO.ZA
coursesworkshops,CO.ZA
cordotz,CO.ZA
xiruscomputerconsulting,CO.ZA
fishingknysna,CO.ZA
newnique,CO.ZA
insunnysidearea,CO.ZA
bawufinance,CO.ZA
musedex,CO.ZA
youtebu,CO.ZA
kimtrailerrentals,CO.ZA
entabeniproperty,CO.ZA
northtrucksales,CO.ZA
flavangro,CO.ZA
thegroove,CO.ZA
omnivoice,CO.ZA
qweco,CO.ZA
conveyorsup,CO.ZA
tlhomphocleaningservices,CO.ZA
altelekkeraccomadation,CO.ZA
aireflo,CO.ZA
glutenfreecompany,CO.ZA
molapoofficeparks,CO.ZA
netqsystems,CO.ZA
efficientchemlaboratory,CO.ZA
whiteacre,CO.ZA
atfitwear,CO.ZA
embraceonline,CO.ZA
barothiprojects,CO.ZA
thegreekke-fi,CO.ZA
vql,CO.ZA
apbcomarketing2,CO.ZA
transpaco,CO.ZA
tinman,CO.ZA
dzd,CO.ZA
bioartslab,CO.ZA
m-cell,CO.ZA
jonathansher,CO.ZA
collaboration-corporation,CO.ZA
dreamhomerentals,CO.ZA
makthasecurity,CO.ZA
sandtoncardiology,CO.ZA
kapost,CO.ZA
louwsfuneralservices,CO.ZA
hantamfees,CO.ZA
chariottours,CO.ZA
route25,CO.ZA
playtopiafestival,CO.ZA
ayoba,CO.ZA
riskremedies,CO.ZA
bntpaintball,CO.ZA
808create,CO.ZA
ihgroup,CO.ZA
myspittas,CO.ZA
cadgraphics,CO.ZA
zanikay,CO.ZA
africatop20,CO.ZA
saftlogistics,CO.ZA
ara-consultancy,CO.ZA
harbourcruise,CO.ZA
jalweb,CO.ZA
picmuzys,CO.ZA
molise,CO.ZA
lovelypeoplelovelyplaces,CO.ZA
wphr1051fm,CO.ZA
accommodationkrugernationalpark,CO.ZA
flysaairways,CO.ZA
cjjordaan,CO.ZA
iotautomation,CO.ZA
thecareers,CO.ZA
weddinginvitewebsite,CO.ZA
getrichfast,CO.ZA
dragonspiderstores,CO.ZA
cbaccountants,CO.ZA
envii,CO.ZA
itvdeeds,CO.ZA
extensionlabsa,CO.ZA
beatingaddiction,CO.ZA
canvclamp,CO.ZA
dstvinstaller-vanderbijlpark,CO.ZA
garlandalefc,CO.ZA
gantrydigital,CO.ZA
virtualtradefair,CO.ZA
highwayautogroup,CO.ZA
jaktransport,CO.ZA
trailerbillboards,CO.ZA
zestcorten,CO.ZA
coordinates,CO.ZA
mybabydepot,CO.ZA
lbgtqi,CO.ZA
effergy,CO.ZA
pawncompanysa,CO.ZA
bloodlove,CO.ZA
divinedecking,CO.ZA
lnkinc,CO.ZA
industrialintelligence,CO.ZA
ooothoosthuizen,CO.ZA
rsifs,CO.ZA
salogbooks,CO.ZA
qabox,CO.ZA
mopec,CO.ZA
sunrise-energy,CO.ZA
ukznprivate,CO.ZA
penny-shop,CO.ZA
themaintenanceguys,CO.ZA
fleekup,CO.ZA
friendsofmartindp,CO.ZA
eduefun,CO.ZA
akib,CO.ZA
studyaustralia,CO.ZA
beztphoto,CO.ZA
vuspro,CO.ZA
experiencewander,CO.ZA
profectionexperts,CO.ZA
johannesburgmonthly,CO.ZA
eazibusiness,CO.ZA
khuphula,CO.ZA
acddandt,CO.ZA
googlyfish,CO.ZA
castinglass,CO.ZA
makersbury,CO.ZA
the-unseen,CO.ZA
foodimports,CO.ZA
jklengineering,CO.ZA
tcgrp,CO.ZA
atonergysa,CO.ZA
iwinsurance,CO.ZA
periwinkleproperties,CO.ZA
deltatechis,CO.ZA
corebullets,CO.ZA
malkiainvestments,CO.ZA
railshosting,CO.ZA
davtax,CO.ZA
dishcch,CO.ZA
mygonubie,CO.ZA
maraphu,CO.ZA
zhaosf,CO.ZA
jumpstartstudio,CO.ZA
vulcanit,CO.ZA
lebogangomphile,CO.ZA
accidenta,CO.ZA
boesmanlandsunningdale,CO.ZA
theappshaper,CO.ZA
olafsguesthouseseapoint,CO.ZA
yacht-transporters,CO.ZA
federalmedia,CO.ZA
teethwhiteningpotchefstroom,CO.ZA
lvstymanagement,CO.ZA
ca-gp,CO.ZA
waqulicious,CO.ZA
grape2wine,CO.ZA
facefree,CO.ZA
jacorpam,CO.ZA
aluminumco,CO.ZA
idsc,CO.ZA
asjcleaningservices,CO.ZA
mycaretaker,CO.ZA
mybelle-ame,CO.ZA
tallowahproductions,CO.ZA
pacificgardens,CO.ZA
mobilefridgeworkshop,CO.ZA
e-websites,CO.ZA
migrondwekre,CO.ZA
vantonderholdings,CO.ZA
wheaton,CO.ZA
goprepared,CO.ZA
pungwetreecamp,CO.ZA
arabusta,CO.ZA
sasah,CO.ZA
akganang,CO.ZA
la-mot,CO.ZA
armourdoors,CO.ZA
fax2email,CO.ZA
flashrehab,CO.ZA
facemasks4u,CO.ZA
jsstraders,CO.ZA
iloveumhlanga,CO.ZA
zuatextiledesign,CO.ZA
aerosupplies,CO.ZA
elios,CO.ZA
mehlapengcreche,CO.ZA
rict,CO.ZA
qxrbeautybar,CO.ZA
nationalyouthenergyindaba,CO.ZA
thevegangrocer,CO.ZA
antleyguesthouse,CO.ZA
kutuattorneys,CO.ZA
r2ms,CO.ZA
edensc,CO.ZA
avoir,CO.ZA
capturious,CO.ZA
snackncarry,CO.ZA
nalediproject,CO.ZA
stellenboschflavour,CO.ZA
retropixel,CO.ZA
matsiengconsulting,CO.ZA
golfandresortmarketing,CO.ZA
apiglobalauto,CO.ZA
gearlabs,CO.ZA
raphaelm,CO.ZA
matthewgray,CO.ZA
whoislookup,CO.ZA
nelfordplastics,CO.ZA
toboggan,CO.ZA
chrisash,CO.ZA
myzafvq,CO.ZA
wholesaleabrasives,CO.ZA
royalindlulamithilodge,CO.ZA
easydesigns,CO.ZA
capemetalpressings,CO.ZA
brandenvy,CO.ZA
dumzincp,CO.ZA
21sunsetboulevardmcs,CO.ZA
lovegents,CO.ZA
ticklepink,CO.ZA
cronjesautobody,CO.ZA
buffalobaybackpackers,CO.ZA
n0x,CO.ZA
laserexpress,CO.ZA
afedilem,CO.ZA
allseasonslandscaping,CO.ZA
socialcounter,CO.ZA
thandananifs,CO.ZA
e-lingerie,CO.ZA
sushisimply,CO.ZA
internationalstudies,CO.ZA
doideas,CO.ZA
mcf,CO.ZA
wordofmouthprojects,CO.ZA
centurion-information,CO.ZA
broilsemiotics,CO.ZA
belshiwa,CO.ZA
mistymountains,CO.ZA
nkcardealer,CO.ZA
manaselegacygroup,CO.ZA
sheetmetalcabinet,CO.ZA
dieaardeskeurfilm,CO.ZA
sgegediguesthouse,CO.ZA
tshamanoaluminumandcladding,CO.ZA
bidvestmccarthyjaguar,CO.ZA
msnevents,CO.ZA
ecstasyjoe,CO.ZA
wheelbay,CO.ZA
zandon,CO.ZA
somoahotel,CO.ZA
intoweb,CO.ZA
orofar,CO.ZA
jvbrokers,CO.ZA
krisol,CO.ZA
theshadeportpeople,CO.ZA
rorisangleano,CO.ZA
arrearsplan,CO.ZA
goyogalifestyle,CO.ZA
looneymacarooney,CO.ZA
nitomcq,CO.ZA
drdejonge,CO.ZA
tenacityworks,CO.ZA
uniqueoffice,CO.ZA
caracalwealth,CO.ZA
reggieandherb,CO.ZA
gsfe,CO.ZA
naledibeverages,CO.ZA
boerseunjuweliers,CO.ZA
spelt,CO.ZA
mhcreations,CO.ZA
leddisplayssouthafrica,CO.ZA
placingofprofessionals,CO.ZA
vaaldating30s,CO.ZA
milkwoodforest,CO.ZA
momvecreativemarketplace,CO.ZA
naturenotes,CO.ZA
life-covernow,CO.ZA
nutrawear,CO.ZA
titanprotection,CO.ZA
brokertasks,CO.ZA
ethekwiniprotect,CO.ZA
grindwrox,CO.ZA
leadwayconsultancy,CO.ZA
champtex,CO.ZA
blacktieweb,CO.ZA
domainserv,CO.ZA
salejeefarms,CO.ZA
epfinder,CO.ZA
lstrydom,CO.ZA
thelmahelpers,CO.ZA
hustle4jobs,CO.ZA
dikgadithabang,CO.ZA
neweratrucks,CO.ZA
vallotindustries,CO.ZA
buccleuchproperty,CO.ZA
cmhchery,CO.ZA
drinksoma,CO.ZA
brighten,CO.ZA
vdm-solutions,CO.ZA
tnwoodaction,CO.ZA
havalladysmith,CO.ZA
cars4bitcoin,CO.ZA
dewolfco,CO.ZA
thedigitalmoxie,CO.ZA
iconic-surveillance,CO.ZA
strudelaxiomatic,CO.ZA
avrdev,CO.ZA
superformance-sg,CO.ZA
freeinternetfax,CO.ZA
bhalagroup,CO.ZA
ossewafunksielaer,CO.ZA
boekstop,CO.ZA
savannahwildesign,CO.ZA
laurelbramley,CO.ZA
kingzenterprise,CO.ZA
xmoor,CO.ZA
fobitechtrailerhire,CO.ZA
gracelandnh,CO.ZA
markensyinto,CO.ZA
dunkrecords,CO.ZA
orionrefrigerationandappliance,CO.ZA
xanodcq,CO.ZA
hsg,CO.ZA
wekajema,CO.ZA
eatsawrap,CO.ZA
ideasrunwild,CO.ZA
elginchardonnay,CO.ZA
dbnmotorshow,CO.ZA
bookingsmadeeasy,CO.ZA
cellphix,CO.ZA
madewithpower,CO.ZA
geoket,CO.ZA
bathbombmoulds,CO.ZA
msct,CO.ZA
invoiceclearingbureau,CO.ZA
ambitiousblonde,CO.ZA
lucrativegenius,CO.ZA
floorsblinds,CO.ZA
franceskaplan,CO.ZA
theomgonline,CO.ZA
softwarefactories,CO.ZA
progadgon,CO.ZA
bookorbuy,CO.ZA
harrystheatre,CO.ZA
waarhoujyvakansie,CO.ZA
getlove,CO.ZA
coolat,CO.ZA
baanbootsbar,CO.ZA
sheaveprofiles,CO.ZA
exposuresolutions,CO.ZA
officedeco,CO.ZA
security-tags,CO.ZA
scs-structures,CO.ZA
energystoragesystems,CO.ZA
hydeconsulting,CO.ZA
northcoastcustomtattoo,CO.ZA
delv,CO.ZA
starfin,CO.ZA
lumisticks,CO.ZA
johnfisherplumber,CO.ZA
roetslaw,CO.ZA
amployees,CO.ZA
albertoroadsandcivil,CO.ZA
letsemapersonnel,CO.ZA
claresbedandbreakfast,CO.ZA
redrabbit,CO.ZA
capegyro,CO.ZA
bunnyhugsblog,CO.ZA
fuchs-online,CO.ZA
jontitenders,CO.ZA
miochem,CO.ZA
thehardwareportal,CO.ZA
mycasualchauffeur,CO.ZA
minutetaker,CO.ZA
beecoin,CO.ZA
u2ca,CO.ZA
topfix,CO.ZA
sygniacoins,CO.ZA
joozpaper,CO.ZA
centumlearning,CO.ZA
dyrwaghja,CO.ZA
zobragbook,CO.ZA
camefarm,CO.ZA
rootsemporium,CO.ZA
somethingpink,CO.ZA
khoselahouses,CO.ZA
vinorsa,CO.ZA
buy-all,CO.ZA
infochevalierdefence,CO.ZA
yelloskipandgarden,CO.ZA
ksdtradenet,CO.ZA
lionrose,CO.ZA
oninafashions,CO.ZA
liquidclinic,CO.ZA
electricalconsultant,CO.ZA
cambridgebaptist,CO.ZA
pssracing,CO.ZA
nextdoorlaser,CO.ZA
loadshedule,CO.ZA
108albert,CO.ZA
fairytalefoundation,CO.ZA
thelovestory,CO.ZA
takeda,CO.ZA
sirotvq,CO.ZA
investmentpropertyfinance,CO.ZA
dycier,CO.ZA
performacefactory,CO.ZA
dabdog,CO.ZA
makonemokonesolutions,CO.ZA
subcontracts4u,CO.ZA
tiptoplisting,CO.ZA
costumerentals,CO.ZA
3drone,CO.ZA
silkdesigns,CO.ZA
anelisah,CO.ZA
careerprofiling,CO.ZA
pretos,CO.ZA
soekmasjienoptimalisering,CO.ZA
temporaryzinc,CO.ZA
almarcomputers,CO.ZA
redhotdeal,CO.ZA
hotgizmo,CO.ZA
mmrp7-1,CO.ZA
trendeevision,CO.ZA
giftofthecross,CO.ZA
valourcoach,CO.ZA
imagosa,CO.ZA
dieselanddaisy,CO.ZA
neilsmith,CO.ZA
psychicportraits,CO.ZA
merakieventmanagement,CO.ZA
tlbcatering,CO.ZA
chanzuckerberg,CO.ZA
nursestrust,CO.ZA
smale-eng,CO.ZA
emaxhegwinisecondary,CO.ZA
imagesbylara,CO.ZA
mudenda,CO.ZA
springs-electrician,CO.ZA
evanstaden,CO.ZA
maforigroup,CO.ZA
etwhet,CO.ZA
sangani,CO.ZA
cohenonline,CO.ZA
evanselectricalservices1,CO.ZA
compaxtoolhire,CO.ZA
supplementswarehouse,CO.ZA
creamspringbuck,CO.ZA
peteronline,CO.ZA
carcraftpanelbeaters,CO.ZA
ekosini,CO.ZA
mtrpls,CO.ZA
dealer2dealersa,CO.ZA
daniellecamera,CO.ZA
ptcprojects,CO.ZA
wevebeenhavingit,CO.ZA
peterkin,CO.ZA
vunareap,CO.ZA
southsearc,CO.ZA
pecanwoodkzn,CO.ZA
luno-amelia,CO.ZA
managementconcepts,CO.ZA
michellew,CO.ZA
calitzdorpwinterfestival,CO.ZA
heycommerce,CO.ZA
eragrottobay,CO.ZA
zoomzoombuzz,CO.ZA
hospitalitydirect,CO.ZA
engineeringdesignlab,CO.ZA
rccatering,CO.ZA
solarpowermosselbay,CO.ZA
sorosapparel,CO.ZA
lmnopadvance,CO.ZA
nbstconsulting,CO.ZA
plusfibre,CO.ZA
reyapeleshuttles,CO.ZA
karts4kidz,CO.ZA
simplesol,CO.ZA
onechannelcape,CO.ZA
ubuntuflava,CO.ZA
jcrsteel,CO.ZA
waterbergproperty,CO.ZA
wdwdesigns,CO.ZA
allphase,CO.ZA
kaye,CO.ZA
vvblaw,CO.ZA
kalafong-mediclinic,CO.ZA
webber,CO.ZA
instagoodies,CO.ZA
group6agri,CO.ZA
lookforme,CO.ZA
solido,CO.ZA
jollyhotty,CO.ZA
wecantradingandprojects,CO.ZA
frederichkirsten,CO.ZA
afrikaansehoermeisieskool,CO.ZA
poduaitenap,CO.ZA
expressgroceries,CO.ZA
constellationconcepts,CO.ZA
csbiz,CO.ZA
blueblackts,CO.ZA
masterrenovation,CO.ZA
bitcoincoldstorage,CO.ZA
nuttysquirrel,CO.ZA
vo5,CO.ZA
mtnmoney,CO.ZA
tausouthafrica,CO.ZA
wwtb,CO.ZA
myscratchpad,CO.ZA
ladydiana,CO.ZA
identificationdots,CO.ZA
numberplateshop,CO.ZA
ineded,CO.ZA
printschitchat,CO.ZA
shanero-beauty,CO.ZA
tomesdetergents,CO.ZA
tillagrofarms,CO.ZA
npotraining,CO.ZA
iccco,CO.ZA
mlun,CO.ZA
khusa,CO.ZA
johnoscaracademy,CO.ZA
drthomasjahn,CO.ZA
streamconsulting,CO.ZA
printyourphotosonline,CO.ZA
exclus1vesonline,CO.ZA
felidaecentre,CO.ZA
embills,CO.ZA
stereo247,CO.ZA
duitswesdeli,CO.ZA
natctc,CO.ZA
rikeaero,CO.ZA
jpoliviervervoer,CO.ZA
elsparksmileykids,CO.ZA
maqconsultancy,CO.ZA
susara,CO.ZA
mithon,CO.ZA
qaf,CO.ZA
invoguetours,CO.ZA
yaadh,CO.ZA
npics,CO.ZA
erikagrove,CO.ZA
naturacolours,CO.ZA
18coffee,CO.ZA
llpharmacies,CO.ZA
alssonteam,CO.ZA
sedi,CO.ZA
amasibrands,CO.ZA
specialisedpools,CO.ZA
zomosa,CO.ZA
fairychildcreations,CO.ZA
myvoicemail,CO.ZA
banabathare,CO.ZA
mcsjc,CO.ZA
iq-mobile,CO.ZA
drckngobenidermatologist,CO.ZA
plantobuild,CO.ZA
thegrowthfactory,CO.ZA
aquaplumbingsa,CO.ZA
lindaventer,CO.ZA
lebeyaprojectsandservices,CO.ZA
zxczxc,CO.ZA
belgianclassics,CO.ZA
helloplum,CO.ZA
jatinconsulting,CO.ZA
ramulconstruction,CO.ZA
auntythings,CO.ZA
meanmachine-bicycles,CO.ZA
migrate-manage,CO.ZA
honeyvillereserve,CO.ZA
deadrestaurant,CO.ZA
vmsps,CO.ZA
androzik,CO.ZA
iamprecious,CO.ZA
propguard,CO.ZA
aards,CO.ZA
cardealerreview,CO.ZA
injurieslawyers,CO.ZA
easyeventhire,CO.ZA
karooframes,CO.ZA
newshapeonline,CO.ZA
go-graphic,CO.ZA
digim,CO.ZA
emsolutions,CO.ZA
business-valuations,CO.ZA
tuckerstackleonline,CO.ZA
ultracomtechnologies,CO.ZA
microfuse,CO.ZA
sacovid19tracker,CO.ZA
secretlifeoftessa,CO.ZA
franschhoekwine,CO.ZA
samkhasethu,CO.ZA
capitalfigures,CO.ZA
imax-inc,CO.ZA
medixx,CO.ZA
midpower,CO.ZA
osdj,CO.ZA
beinghumanclothing,CO.ZA
tswelopelestw,CO.ZA
xtraparts,CO.ZA
tirotsaone,CO.ZA
garminproducts,CO.ZA
costbuildservices,CO.ZA
20000drums,CO.ZA
blocksofhope,CO.ZA
rusticpizza,CO.ZA
cbssolutions,CO.ZA
69onranger,CO.ZA
geckotoes,CO.ZA
preflow,CO.ZA
aliwalroad,CO.ZA
secondhandstore,CO.ZA
bet2,CO.ZA
discounttickets,CO.ZA
gatagroup,CO.ZA
specialafricaneye,CO.ZA
erikavanniekerk,CO.ZA
juvital,CO.ZA
pambilistm,CO.ZA
frontect,CO.ZA
huraelevents,CO.ZA
taalee-bdc,CO.ZA
flexi-offices,CO.ZA
momzworld,CO.ZA
shishane,CO.ZA
readingwriting,CO.ZA
sosonombiba,CO.ZA
jozipubcrawl,CO.ZA
pnsgaming,CO.ZA
impactrealestate,CO.ZA
elginroses,CO.ZA
bitcon,CO.ZA
thefooddoctor,CO.ZA
procureforce,CO.ZA
mywishes,CO.ZA
mzansiafricalifestyle,CO.ZA
germancarconnection,CO.ZA
mzprop,CO.ZA
ofu,CO.ZA
woodendesk,CO.ZA
atrconsult,CO.ZA
jobfair,CO.ZA
yournotes,CO.ZA
naturalproduct,CO.ZA
armenianenteral,CO.ZA
famscheepers,CO.ZA
rhrlogistics,CO.ZA
ecogator-offer,CO.ZA
theartgallerycapetown,CO.ZA
imbodlasecurityservices,CO.ZA
plum-tree,CO.ZA
cash4cartridges,CO.ZA
naturallynaughtyeducare,CO.ZA
indon,CO.ZA
skymarkcleaning,CO.ZA
alverstonemanor,CO.ZA
syholdings,CO.ZA
pala,CO.ZA
akuande,CO.ZA
getitmed,CO.ZA
marketrite,CO.ZA
brandsmit,CO.ZA
dolrbakivi,CO.ZA
mlawattorneys,CO.ZA
mtemasonconsultants,CO.ZA
exetonfuels,CO.ZA
csmga,CO.ZA
www-we-track-cars,CO.ZA
washr,CO.ZA
labarintinteriors,CO.ZA
petechnologies,CO.ZA
reanslewsome,CO.ZA
rodscon,CO.ZA
cinderellacarriages,CO.ZA
weareoneproductions,CO.ZA
2013febtwelvesnobs,CO.ZA
knmca,CO.ZA
gemsysa,CO.ZA
obakuwatches,CO.ZA
alibabafoods,CO.ZA
stobag,CO.ZA
mindari,CO.ZA
reyatileclearing,CO.ZA
wildabout,CO.ZA
boxesdurban,CO.ZA
isosheq,CO.ZA
acgear,CO.ZA
backpaintools,CO.ZA
rahnmonitor,CO.ZA
requesta,CO.ZA
kzncarport,CO.ZA
ndma-advisory,CO.ZA
aefoods,CO.ZA
actionretaildisplay,CO.ZA
mpungoseinc,CO.ZA
spanslab,CO.ZA
sayyestothedresssouthafrica,CO.ZA
smartenup-solutions,CO.ZA
augustineruud,CO.ZA
intlphotoacademy,CO.ZA
exptaximedia,CO.ZA
masisi,CO.ZA
bigtests2,CO.ZA
cardspree,CO.ZA
socialfooty,CO.ZA
procuman,CO.ZA
phindulotrlogistics,CO.ZA
portelizabethrugbysevens,CO.ZA
xanado141,CO.ZA
shercas,CO.ZA
chelandredesign,CO.ZA
theprintingco,CO.ZA
growthpower,CO.ZA
cycleshift,CO.ZA
ecombrands,CO.ZA
environserve,CO.ZA
f47designs,CO.ZA
vouchforsa,CO.ZA
heitha,CO.ZA
thehairacademy,CO.ZA
universalestates,CO.ZA
suitedreamssa,CO.ZA
larton,CO.ZA
elvishlingeriesexy,CO.ZA
pairtree,CO.ZA
sarugbyfan,CO.ZA
hs-designs,CO.ZA
misschiefs,CO.ZA
clicklawyer,CO.ZA
fossill,CO.ZA
agonconsult,CO.ZA
safedrive,CO.ZA
retailafrica,CO.ZA
progadgets,CO.ZA
orp-cpt,CO.ZA
nasti,CO.ZA
elastec-apps,CO.ZA
matchateapowder,CO.ZA
premsontrading,CO.ZA
amaratravel,CO.ZA
mvkgroup,CO.ZA
buyarchie,CO.ZA
activatevs,CO.ZA
sninstitue,CO.ZA
marketingevents,CO.ZA
bankloan,CO.ZA
metroprop,CO.ZA
itmatictechtraining,CO.ZA
rovspa,CO.ZA
casproconstruct,CO.ZA
waterworkscity,CO.ZA
vonafricansunkennels,CO.ZA
verimall,CO.ZA
furnitureremovalmidrand,CO.ZA
sophiaschool,CO.ZA
style2sell,CO.ZA
kentcollege,CO.ZA
teq-direct,CO.ZA
fantastic-space,CO.ZA
cryptonianrace,CO.ZA
lesx,CO.ZA
seniorgolfers,CO.ZA
fgsign,CO.ZA
themarkerguy,CO.ZA
seedsofcape,CO.ZA
sem,CO.ZA
capesewing,CO.ZA
blackdough,CO.ZA
gaangrootradio,CO.ZA
easyeco,CO.ZA
wholesomefarmonline,CO.ZA
madgiantbrewing,CO.ZA
cornerstonepeoplepractices,CO.ZA
luxurylimohire,CO.ZA
imbewubusinessgroup,CO.ZA
isodoc,CO.ZA
driftrppawards,CO.ZA
gmweb,CO.ZA
first-choice,CO.ZA
wbcauction,CO.ZA
prniven,CO.ZA
smseo,CO.ZA
mubs,CO.ZA
drlandman,CO.ZA
blackgoldrenewables,CO.ZA
bepicon,CO.ZA
buypebblewatch,CO.ZA
loanrepaymentcalculator,CO.ZA
dbtrainingsolutions,CO.ZA
ecom-anomics,CO.ZA
vexyhcq,CO.ZA
foureyes,CO.ZA
idrivecloud,CO.ZA
ataglance,CO.ZA
b-mc,CO.ZA
smsswitching,CO.ZA
wohlfahrteggs,CO.ZA
chawatech,CO.ZA
liedjie,CO.ZA
partypony,CO.ZA
ourweddingdate,CO.ZA
oodlesport,CO.ZA
glorun,CO.ZA
vogelsangestate,CO.ZA
allabouthorses,CO.ZA
blog2z,CO.ZA
moustacheshelf,CO.ZA
smholiday,CO.ZA
johannvanniekerk,CO.ZA
cabincave,CO.ZA
stokveltours,CO.ZA
saswaterproofing,CO.ZA
pbtproduction,CO.ZA
midrand-electronics,CO.ZA
redcarpetleisure,CO.ZA
shushthebang,CO.ZA
trilotusmarketing,CO.ZA
moped,CO.ZA
attoohconnect,CO.ZA
saluteliquor,CO.ZA
gheunesphotography,CO.ZA
braaibrothers,CO.ZA
basilgoldhealth,CO.ZA
wherecanifindit,CO.ZA
c-tek,CO.ZA
egeiroproperties,CO.ZA
elcco,CO.ZA
wannajob,CO.ZA
phixmephysio,CO.ZA
enchantedcastles,CO.ZA
neighbay,CO.ZA
thermitec,CO.ZA
agad,CO.ZA
gammora-meds,CO.ZA
airconditioningfourways,CO.ZA
atisatiro,CO.ZA
isakspanelbeaters,CO.ZA
midrandindustrialspace,CO.ZA
myencounter,CO.ZA
your-site,CO.ZA
bangingbodiezsa,CO.ZA
elberries,CO.ZA
chocolateandcaramel,CO.ZA
apple-apps,CO.ZA
betaconsulting,CO.ZA
myenglishcoach,CO.ZA
spier-massage,CO.ZA
sterlingbodyworx,CO.ZA
theinvestingman,CO.ZA
mediawork,CO.ZA
best-legalcover,CO.ZA
lunarmeridian,CO.ZA
tcstalkshow,CO.ZA
vandewaal,CO.ZA
machicsrestaurant,CO.ZA
wingover,CO.ZA
seniordatingnetwork,CO.ZA
appelliefie,CO.ZA
dillandsaunders,CO.ZA
exampl,CO.ZA
boedisplay,CO.ZA
honeyrockprop,CO.ZA
webpixels,CO.ZA
maatbcp,CO.ZA
sociovest,CO.ZA
vanbaalaccounting,CO.ZA
pcbaits,CO.ZA
bythebeachdesigns,CO.ZA
capecoasttravelandtour,CO.ZA
wmstorage,CO.ZA
subiscq,CO.ZA
indicat,CO.ZA
sayless,CO.ZA
sparklea7,CO.ZA
prophetsvillage,CO.ZA
mms4business,CO.ZA
nothingsays,CO.ZA
macomms,CO.ZA
nicholassmithdesigns,CO.ZA
hok,CO.ZA
inunco,CO.ZA
africanglamping,CO.ZA
aestheticscapetown,CO.ZA
capevibeaccomodation,CO.ZA
modernmachine,CO.ZA
kalahari7s,CO.ZA
driveritemotors,CO.ZA
sjwtech,CO.ZA
onpointpresentation,CO.ZA
rmgsa,CO.ZA
xclusivess,CO.ZA
myspacexflights,CO.ZA
drnaadirbismilla,CO.ZA
mystic-creations,CO.ZA
saporibistro,CO.ZA
kurumanrc,CO.ZA
anniscakes,CO.ZA
smalltown,CO.ZA
hurricanephotography,CO.ZA
artbyartists,CO.ZA
phemployees,CO.ZA
dataeye,CO.ZA
myworth,CO.ZA
adware,CO.ZA
kbfa,CO.ZA
visiora,CO.ZA
maps-google,CO.ZA
airlantic,CO.ZA
brandonprinting,CO.ZA
ticketmaster,CO.ZA
cdbphotography,CO.ZA
ajybzp,CO.ZA
zondonet,CO.ZA
sacec-resource,CO.ZA
riseandshinemp,CO.ZA
ithubaworld,CO.ZA
e-server,CO.ZA
sinaoncology,CO.ZA
karoo-lens,CO.ZA
2krscan,CO.ZA
hdjinternational,CO.ZA
sibanyonihardware,CO.ZA
ep1exam,CO.ZA
mlbeecosmetics,CO.ZA
ictpan,CO.ZA
tsholo-theart,CO.ZA
flagstoneproperty,CO.ZA
mxexs,CO.ZA
mmcontact,CO.ZA
inspiredbyproducts,CO.ZA
feeltherush,CO.ZA
skinfood,CO.ZA
ekwens,CO.ZA
ptrainer,CO.ZA
techtrainings,CO.ZA
carealert,CO.ZA
winchestermansions,CO.ZA
premiumglow,CO.ZA
peeche,CO.ZA
kgvafrica,CO.ZA
fortheloveofchrist,CO.ZA
unitedpharm,CO.ZA
squashrackets,CO.ZA
mp3searchy,CO.ZA
cikmaintenance,CO.ZA
klenzawindows,CO.ZA
rotatingcrypto,CO.ZA
oxfordmotorgroup,CO.ZA
proprety4sale-potchefstroom,CO.ZA
sunshinekidsyoga,CO.ZA
basebata,CO.ZA
ignitegreatness,CO.ZA
jetcustoms,CO.ZA
littlenikita,CO.ZA
michaelhairsalon-vereniging,CO.ZA
apogean,CO.ZA
trimwisejoburg,CO.ZA
iknow,CO.ZA
tropicalcoffeetraders,CO.ZA
ilovemyfood,CO.ZA
kimfoxxy,CO.ZA
linlopes,CO.ZA
signboards-gauteng,CO.ZA
kevindukeattorney,CO.ZA
berncol,CO.ZA
digitalstrom,CO.ZA
pasleyconsulting,CO.ZA
ajacce,CO.ZA
glambaby,CO.ZA
heavens-cakes,CO.ZA
gardenopoly,CO.ZA
gatesautomationgauteng,CO.ZA
dawnwingonline,CO.ZA
leadgenguru,CO.ZA
carbon2zero,CO.ZA
lash-rite,CO.ZA
hicalcqw,CO.ZA
taiwokenny,CO.ZA
sportsfix,CO.ZA
insimg,CO.ZA
wizmed,CO.ZA
combatmedic,CO.ZA
varsliefde,CO.ZA
hrpolicies,CO.ZA
heidelberg-materials,CO.ZA
janaengelbrechtphotography,CO.ZA
dotexezst,CO.ZA
sensualsundays,CO.ZA
laatonsjuig,CO.ZA
bodylineco,CO.ZA
skineez,CO.ZA
futureteach,CO.ZA
southafricanmegamillion,CO.ZA
zdaysolar,CO.ZA
businessentries,CO.ZA
suncompass,CO.ZA
xwx,CO.ZA
idealcrew,CO.ZA
jasminer,CO.ZA
prettycutie,CO.ZA
carrierwise,CO.ZA
janka,CO.ZA
thestraycompany,CO.ZA
zameerarbee,CO.ZA
hashtagbiltong,CO.ZA
glorygas,CO.ZA
jupitervapes,CO.ZA
tlo1,CO.ZA
myhealth-partner,CO.ZA
theracistpanda,CO.ZA
thefoodexperts,CO.ZA
sensestravel,CO.ZA
intercreative,CO.ZA
richesunlimited,CO.ZA
cupcakesandcommiserations,CO.ZA
inreach,CO.ZA
smarttpms,CO.ZA
estrellagalicia,CO.ZA
dalididit,CO.ZA
silentauctions,CO.ZA
ganddrebuildandservices,CO.ZA
testlicence,CO.ZA
allregistrations,CO.ZA
reverent911,CO.ZA
africanappetite,CO.ZA
findamag,CO.ZA
equityfundings,CO.ZA
ngkerktulbagh,CO.ZA
snrsconsulting,CO.ZA
aigconsulting,CO.ZA
usedvans,CO.ZA
waterproofingservicescapetown,CO.ZA
boihats,CO.ZA
andyspcstudio,CO.ZA
buy-heatpumps,CO.ZA
martezmodelmanagement,CO.ZA
privatemathsafrikaansenglishsciencetutorstutoringvanderbijlpark,CO.ZA
foammoulding,CO.ZA
heyjoeplanthire,CO.ZA
firstwrap,CO.ZA
mhasegt,CO.ZA
lingerieanddesirables,CO.ZA
prologcrating,CO.ZA
oasisdistribution,CO.ZA
braude,CO.ZA
non-profit-coach,CO.ZA
donatellas,CO.ZA
forevacsc,CO.ZA
joziplumbing,CO.ZA
egmaintenance,CO.ZA
pinmark,CO.ZA
denisepurpose-fullcoaching,CO.ZA
mzansi4sure4u,CO.ZA
wauer,CO.ZA
kustomfurniture,CO.ZA
prophetesskhomo,CO.ZA
kgpaddedwear,CO.ZA
aiea,CO.ZA
timhawkins,CO.ZA
nostalgicevents,CO.ZA
filingatwork,CO.ZA
couponcollection,CO.ZA
nftrees,CO.ZA
pickupbakkie,CO.ZA
c22printworx,CO.ZA
dnvmedical,CO.ZA
macswholesalers,CO.ZA
suavelux,CO.ZA
tontitrading,CO.ZA
maccs,CO.ZA
camera-monitor,CO.ZA
modul-system,CO.ZA
workable,CO.ZA
srsarchitects,CO.ZA
sivjaiauto,CO.ZA
womantv,CO.ZA
mshikaindustries,CO.ZA
ticketbot,CO.ZA
elimaconsulting,CO.ZA
dlguesth,CO.ZA
bonafidekzn,CO.ZA
muhluriproject,CO.ZA
ggcsouthafrica,CO.ZA
extouch,CO.ZA
mrhc,CO.ZA
techec,CO.ZA
republicofcapetown,CO.ZA
aampu,CO.ZA
thelastword,CO.ZA
cymless,CO.ZA
electricianstrubensvalley,CO.ZA
kapitaal,CO.ZA
actiondemo,CO.ZA
lefleurdecor,CO.ZA
2za,CO.ZA
diepannekoekmasjien,CO.ZA
sundarayawellness,CO.ZA
callensemble,CO.ZA
thegrandconstantia,CO.ZA
malatji-lotto,CO.ZA
allianceconstruction,CO.ZA
gatewaybusinessdemo,CO.ZA
vstlorganics,CO.ZA
sleepdynamix,CO.ZA
onshoreproject,CO.ZA
ikalafengpharm,CO.ZA
mobilepropertytrader,CO.ZA
pestandcleaningmaster,CO.ZA
webwalk,CO.ZA
andopharma,CO.ZA
fushceco,CO.ZA
ducorservices,CO.ZA
crowddesign,CO.ZA
shootingadventures,CO.ZA
ukumanya,CO.ZA
azelectricalplumbing1,CO.ZA
dnokomotors,CO.ZA
fabricandtextile,CO.ZA
diasporalive,CO.ZA
guardsystems,CO.ZA
urcard,CO.ZA
tuckersinc,CO.ZA
kos-holdings,CO.ZA
ecubeelectrical,CO.ZA
arcam,CO.ZA
gastricballoon,CO.ZA
urbanshoots,CO.ZA
groundexpressholding,CO.ZA
letsgocamping,CO.ZA
magabanengprimary,CO.ZA
siwento,CO.ZA
supertechgrcup,CO.ZA
novabank,CO.ZA
nenasbakery,CO.ZA
jtcomputer,CO.ZA
mymailza,CO.ZA
sandpapersa,CO.ZA
digitechstudios,CO.ZA
yourdiet,CO.ZA
invisiblehand,CO.ZA
optimumafrika,CO.ZA
peaceproperties,CO.ZA
sequrewesterncape,CO.ZA
capsule-sa,CO.ZA
mikezak,CO.ZA
performed,CO.ZA
patmaautoelectrical,CO.ZA
woodcompany,CO.ZA
longcovidtreatment,CO.ZA
officepartitions,CO.ZA
splashtag,CO.ZA
datalinkgroup,CO.ZA
cosmedical,CO.ZA
throughdawnslens,CO.ZA
phillipsrentals,CO.ZA
mikejessop,CO.ZA
smartiesplaygroup,CO.ZA
track-record,CO.ZA
mashitransport,CO.ZA
whiteolive,CO.ZA
neofiber,CO.ZA
bouncehouseevents,CO.ZA
lymelyte-indwe,CO.ZA
gemanegroup,CO.ZA
leli,CO.ZA
meerhofstud,CO.ZA
ethicalsystems,CO.ZA
m8mboutiques,CO.ZA
the-spark,CO.ZA
jessicadavis,CO.ZA
wingsandwheelsfestivaluitenhage,CO.ZA
discrenewals,CO.ZA
gdd-accounting,CO.ZA
ksmdjue,CO.ZA
sangoma,CO.ZA
xxp,CO.ZA
bedfordviewrotary,CO.ZA
motorfind,CO.ZA
flysafairmall,CO.ZA
sangomajameschuma,CO.ZA
brakayskips,CO.ZA
phmeter,CO.ZA
cloud-update-server3,CO.ZA
jdsarc,CO.ZA
ftgl,CO.ZA
botshoga,CO.ZA
qabani,CO.ZA
marvelousmen,CO.ZA
littlewoodendreams,CO.ZA
ericabergman,CO.ZA
washstop,CO.ZA
bio-techholdings,CO.ZA
ezsp,CO.ZA
riskidentification,CO.ZA
ziscoslabs,CO.ZA
amarantusakademie,CO.ZA
igprop,CO.ZA
alcovegroup,CO.ZA
granitemaxx,CO.ZA
pirimidproperties,CO.ZA
patiofurniturejohannesburg,CO.ZA
boomslopcenturion,CO.ZA
irwinnaturals,CO.ZA
regionalcitril,CO.ZA
urbanlinke,CO.ZA
ctnbusinessconsultants,CO.ZA
socialfinds,CO.ZA
finewineawards,CO.ZA
discountedworld,CO.ZA
orchidcrane,CO.ZA
teachernetwork,CO.ZA
afbcash,CO.ZA
thecoconutclub,CO.ZA
waitt,CO.ZA
quickjob,CO.ZA
bakays,CO.ZA
lmeydit,CO.ZA
bvnkon,CO.ZA
kndconsultation,CO.ZA
bfb2vt,CO.ZA
ignisavenphoto,CO.ZA
spillcare,CO.ZA
jimmysscrap,CO.ZA
weldingsteel,CO.ZA
madevent,CO.ZA
lacampagnaoliveestate,CO.ZA
andrewaskrenovations,CO.ZA
pgaarchitects,CO.ZA
theecig-store,CO.ZA
rakuta,CO.ZA
seifart,CO.ZA
patmcpromo,CO.ZA
bamserve,CO.ZA
ballitojunctionmall,CO.ZA
keirin,CO.ZA
wendyhouseguide,CO.ZA
beneplex,CO.ZA
imvana,CO.ZA
landbouskandaal,CO.ZA
madisonsiston,CO.ZA
kolologamereserve,CO.ZA
lyncpoweredbyarkadin,CO.ZA
toplearner,CO.ZA
smartwendys,CO.ZA
inshapeyoghurt,CO.ZA
musuwologistics,CO.ZA
charmainefaulphotography,CO.ZA
spazashop,CO.ZA
thesamoosacartel,CO.ZA
mainbrace,CO.ZA
thetaxguru,CO.ZA
gkstrading,CO.ZA
seksieste,CO.ZA
elevateo2,CO.ZA
citcafe,CO.ZA
aambag,CO.ZA
buildinghs,CO.ZA
sies,CO.ZA
ejnexposed,CO.ZA
smallbirdservices,CO.ZA
teamedia,CO.ZA
homageshop,CO.ZA
daleclarkphotography,CO.ZA
promotionsmachine,CO.ZA
agrisci,CO.ZA
gscgroups,CO.ZA
royal-house,CO.ZA
techtrendsint,CO.ZA
ditshepegroup,CO.ZA
theblackpearls,CO.ZA
jaudeeelectrical,CO.ZA
apogee-esg,CO.ZA
merlog,CO.ZA
mtreisd,CO.ZA
funkybuddha,CO.ZA
donderboskop,CO.ZA
thatch-roof-fire-guard,CO.ZA
sillylilly,CO.ZA
esportssa,CO.ZA
bellasaige,CO.ZA
biltongconnoisseur,CO.ZA
luckcity,CO.ZA
brescia,CO.ZA
standfirm,CO.ZA
samthebrand,CO.ZA
thick,CO.ZA
mplaser,CO.ZA
trainstationbrewery,CO.ZA
aolinbo,CO.ZA
mosadimholdings,CO.ZA
sharphosting,CO.ZA
uthandomedia,CO.ZA
motherearthwines,CO.ZA
bouncelab,CO.ZA
oughttolast,CO.ZA
speshirlagencies,CO.ZA
consciouschoice,CO.ZA
sgoeimantransport,CO.ZA
moshomomedia,CO.ZA
digitalmobilesolutions,CO.ZA
freebet,CO.ZA
kingproteasolutions,CO.ZA
pro-cleansa,CO.ZA
seowebmaster,CO.ZA
clicksite,CO.ZA
dinkuniek,CO.ZA
kiasurvey,CO.ZA
curves-tzaneen,CO.ZA
fortniteshop,CO.ZA
securefocus,CO.ZA
capestationery,CO.ZA
websiteidea6,CO.ZA
pizzavesuviocpt,CO.ZA
nancymcdowellpps,CO.ZA
bepha,CO.ZA
saroids,CO.ZA
lsceng,CO.ZA
tcgevents,CO.ZA
spellbounddesign,CO.ZA
fjcontractor,CO.ZA
qatech,CO.ZA
dieverkeerdeinvloed,CO.ZA
mankwenglaundryservice,CO.ZA
mamepegroup,CO.ZA
animesex,CO.ZA
hellowordpress,CO.ZA
obsafrica,CO.ZA
cissgardenservice,CO.ZA
aic,CO.ZA
costumes,CO.ZA
lvj,CO.ZA
heartyfoodmarket,CO.ZA
eventstaffingsolutions,CO.ZA
neighborrow,CO.ZA
acmitchellconsult,CO.ZA
my911network,CO.ZA
rentalauctions,CO.ZA
nudebeaute,CO.ZA
angelallure,CO.ZA
linnybibo,CO.ZA
thababosegogroup,CO.ZA
mma-odds,CO.ZA
laerskooldrverwoerd,CO.ZA
materialgirls,CO.ZA
capetownchimneys,CO.ZA
hiremetlc,CO.ZA
chiefkanzu,CO.ZA
epkly,CO.ZA
devajal,CO.ZA
momvit,CO.ZA
mcrhydraulics,CO.ZA
jforgenius,CO.ZA
pentaperformance,CO.ZA
ecobraaigrill,CO.ZA
gerhardlouw,CO.ZA
cablefind,CO.ZA
rights4u,CO.ZA
thegriefdoula,CO.ZA
barevents,CO.ZA
solidwoodflooring,CO.ZA
herbalfact,CO.ZA
aichina,CO.ZA
cocreates,CO.ZA
mobiwash,CO.ZA
sanotarypublic,CO.ZA
dating4singles,CO.ZA
ceterum,CO.ZA
sankalpacoaching,CO.ZA
staart,CO.ZA
rankwe,CO.ZA
tiroattorneysinc,CO.ZA
212onrepublic,CO.ZA
festivecircus,CO.ZA
dewetleatherworks,CO.ZA
autoxcel-brakpan,CO.ZA
globalsuppliersonline,CO.ZA
milkho,CO.ZA
zencongroup,CO.ZA
rodmar,CO.ZA
budgetmovers,CO.ZA
ballitobusinesshub,CO.ZA
luxvision,CO.ZA
kpsmedical,CO.ZA
imanageservices,CO.ZA
steppinoncloud,CO.ZA
eaglewheeltyre,CO.ZA
ewefsustech,CO.ZA
kollelbookshop,CO.ZA
xptrading,CO.ZA
aluminiumdoorsbenoni,CO.ZA
itsallaboutonline,CO.ZA
tourismtickets,CO.ZA
independentreview,CO.ZA
balamoryinvestments,CO.ZA
dscarpenters,CO.ZA
j-q,CO.ZA
swdspca,CO.ZA
gacoring,CO.ZA
elulavend,CO.ZA
gvs-solutions,CO.ZA
lotjhaniprojects,CO.ZA
beulahflorist,CO.ZA
renaultpromotions,CO.ZA
crossmediasolutions,CO.ZA
cashadvanceonpayday,CO.ZA
juloans,CO.ZA
clarestaniforth,CO.ZA
seccess,CO.ZA
seorates,CO.ZA
geloofbybelkollege,CO.ZA
xpauto,CO.ZA
phodaravan,CO.ZA
pendukaconsulting,CO.ZA
aviationfuture,CO.ZA
skintermedia,CO.ZA
airstay,CO.ZA
tecfin,CO.ZA
westroof,CO.ZA
smcd,CO.ZA
nrg-electrical,CO.ZA
mestream,CO.ZA
allesmal,CO.ZA
roseinkartistry,CO.ZA
allin1tours,CO.ZA
collabspace,CO.ZA
design-photography,CO.ZA
corwin,CO.ZA
sarahtoh,CO.ZA
barrys-auto,CO.ZA
mobilitybranding,CO.ZA
thepoolmasters365,CO.ZA
pokket,CO.ZA
gemtek,CO.ZA
digbyyoung,CO.ZA
iddn,CO.ZA
mypresident,CO.ZA
deltashot,CO.ZA
devicedisposals,CO.ZA
surpriseweightloss,CO.ZA
quantumsunleisure,CO.ZA
pisignage,CO.ZA
121businesspulse,CO.ZA
iliveincapetown,CO.ZA
lisagabrielphotography,CO.ZA
visvangsa,CO.ZA
alpha-bet,CO.ZA
fullbeam,CO.ZA
designtek,CO.ZA
teljoy911,CO.ZA
longwoodwealth,CO.ZA
pendoringgardens,CO.ZA
goldbullionbar,CO.ZA
stanfordguesthouseaccommodation,CO.ZA
cjjconsult,CO.ZA
wintyquedesigners,CO.ZA
zapphireupholstery,CO.ZA
aerialdronephotos,CO.ZA
morecustomersnow,CO.ZA
tmitservices,CO.ZA
rentalpropertiesinvestment,CO.ZA
sealandcontainers,CO.ZA
louzen,CO.ZA
outdoortoilet,CO.ZA
natkoerant,CO.ZA
inthelichtenburgarea,CO.ZA
taxedt,CO.ZA
preggieroo,CO.ZA
corepowerwaterproofing,CO.ZA
peachbae,CO.ZA
jobeoutdoormedia,CO.ZA
ebikekit,CO.ZA
mobilephonesupport,CO.ZA
appsbyform,CO.ZA
4dd,CO.ZA
xenithcapital,CO.ZA
shumbasafaris,CO.ZA
pyroflow,CO.ZA
intensions,CO.ZA
thevanguardevent,CO.ZA
dptruckhire,CO.ZA
bestbusinessdirectory,CO.ZA
rossgower,CO.ZA
audsandendscreations,CO.ZA
dynaxio,CO.ZA
zellv,CO.ZA
instantcourierquotes,CO.ZA
variousautotrading,CO.ZA
vofcc,CO.ZA
css-i,CO.ZA
gerhardmelindawedding,CO.ZA
photographicstudies,CO.ZA
customsexaminations,CO.ZA
habcs,CO.ZA
ziontunes,CO.ZA
cayoteslounge,CO.ZA
sappro,CO.ZA
rubbleandetreefelling,CO.ZA
hunterstudiocentre,CO.ZA
e-lancing,CO.ZA
notharelaxes,CO.ZA
makerman,CO.ZA
sagrite,CO.ZA
alloutwaterproofing,CO.ZA
aqua-aid,CO.ZA
alwathi,CO.ZA
bwellcare,CO.ZA
manfoundation,CO.ZA
sourcefirst,CO.ZA
mbm-properties,CO.ZA
cuttingedgeslabs,CO.ZA
thecurb,CO.ZA
waanieswebtraining,CO.ZA
wilkensmit,CO.ZA
cleanfeel,CO.ZA
brettlaingphotography,CO.ZA
armadacorp,CO.ZA
thestationerylistguy,CO.ZA
sached,CO.ZA
day,CO.ZA
realhub,CO.ZA
timbazu,CO.ZA
theprintboutique,CO.ZA
purplefigbox,CO.ZA
poes,CO.ZA
assesstech,CO.ZA
dineomonatisa,CO.ZA
bwwqrtr,CO.ZA
mypropertyads,CO.ZA
dlrdev,CO.ZA
touchedbygrace,CO.ZA
myblueprint,CO.ZA
mindblast,CO.ZA
wildeonlivestock,CO.ZA
sherpaiq,CO.ZA
ponelopeleopticalcentre,CO.ZA
uxmiict-forum,CO.ZA
jellys,CO.ZA
support-desk,CO.ZA
safonsafari,CO.ZA
drsdirect,CO.ZA
whastsapp,CO.ZA
auto-interiors,CO.ZA
2ndroundsafeandcleaning,CO.ZA
rossandeeson,CO.ZA
victorsells,CO.ZA
supernurse,CO.ZA
cellphonetraining,CO.ZA
mirha,CO.ZA
expoworks,CO.ZA
xdsgn,CO.ZA
geriatricsfc,CO.ZA
microtowel,CO.ZA
ciaobellajewellery,CO.ZA
spoonunlocking,CO.ZA
havenna,CO.ZA
bestbordellos,CO.ZA
conquerorjhb,CO.ZA
j2x,CO.ZA
fikela,CO.ZA
facetofacecapetown,CO.ZA
endtbhivdmfoundation,CO.ZA
accelltravel,CO.ZA
secmart,CO.ZA
yuppieskincare,CO.ZA
investkznsoutcoast,CO.ZA
blincqs,CO.ZA
b2evolution,CO.ZA
bkdo,CO.ZA
rafiya,CO.ZA
call-a-maid,CO.ZA
patrust,CO.ZA
doxconstruction,CO.ZA
backfarmerskitchen,CO.ZA
eldoradostables,CO.ZA
qualityinteriors,CO.ZA
splashtop,CO.ZA
zaftea,CO.ZA
tones4africa,CO.ZA
aloesmeats,CO.ZA
fit360store,CO.ZA
pixelperfectdesigns,CO.ZA
krucrete,CO.ZA
touchofclass,CO.ZA
shopcentral,CO.ZA
treacle-waffles,CO.ZA
sainzim,CO.ZA
afronomics,CO.ZA
angelsecurity,CO.ZA
ugsonline,CO.ZA
fluenty,CO.ZA
cryptowealthhub,CO.ZA
mandlenyoka,CO.ZA
iqbalitcons,CO.ZA
hlsoftware,CO.ZA
mapapeni,CO.ZA
alpineengineering,CO.ZA
maxe,CO.ZA
mbglass,CO.ZA
ruanlategan,CO.ZA
victorycouriers,CO.ZA
shelleycommercial,CO.ZA
morekaching,CO.ZA
fairlavvns,CO.ZA
i-bop,CO.ZA
richcasino,CO.ZA
loverugby,CO.ZA
psdigitalmedia,CO.ZA
maquedalodge,CO.ZA
easyls,CO.ZA
wcar,CO.ZA
ayandadesignz,CO.ZA
eyabakithiministree,CO.ZA
antplumbingsa,CO.ZA
brickcity,CO.ZA
driveshaftshop,CO.ZA
feelgoodfitness,CO.ZA
lvzfarrier,CO.ZA
kingsbridgewines,CO.ZA
nuetch,CO.ZA
find-a-bnb,CO.ZA
loveforart,CO.ZA
urbanworld,CO.ZA
tri-stan,CO.ZA
jd-services,CO.ZA
ulwaziforestry,CO.ZA
musicstores,CO.ZA
studentcompanionsa,CO.ZA
madeitmarketing,CO.ZA
paysoft-card,CO.ZA
escortpage,CO.ZA
centurionrubberstamps,CO.ZA
runmkp,CO.ZA
somethingfishyportshepstone,CO.ZA
blackcloudinvestments,CO.ZA
elisarahschool,CO.ZA
aiib,CO.ZA
moshupi,CO.ZA
xdchzsaxwuyx,CO.ZA
kwakhanyaburial,CO.ZA
balancingbooks,CO.ZA
ytow,CO.ZA
precedentxchange,CO.ZA
twgc,CO.ZA
theseeker,CO.ZA
knysnaholidaystay,CO.ZA
rscarbrokers,CO.ZA
gehlig,CO.ZA
mistrydevelopment,CO.ZA
wackywallets,CO.ZA
rcco,CO.ZA
singlehursths,CO.ZA
makulumining,CO.ZA
mywebblad,CO.ZA
boutiqueholidays,CO.ZA
onlinecigarettedelivery,CO.ZA
boffsonline,CO.ZA
madibatv,CO.ZA
menlynautoservices,CO.ZA
doubledate,CO.ZA
makhiwomanagement,CO.ZA
lovehomeandcrabtree,CO.ZA
nsrental,CO.ZA
rotary,CO.ZA
sobahlepublishers,CO.ZA
r103,CO.ZA
cssf,CO.ZA
phakweconsulting,CO.ZA
bulkraal,CO.ZA
nalagroup,CO.ZA
grondpadcenturion,CO.ZA
tusabatu,CO.ZA
secutec,CO.ZA
ephesians3v16,CO.ZA
livebet,CO.ZA
exiledis,CO.ZA
paarlthursdays,CO.ZA
phenomignite,CO.ZA
jlmfunerals,CO.ZA
mphoshair,CO.ZA
greenpointstay,CO.ZA
bagsandheels,CO.ZA
sneakeraddict,CO.ZA
sapoamember,CO.ZA
imvubuconnet,CO.ZA
mh-projects,CO.ZA
wazotech,CO.ZA
loolaway,CO.ZA
vividfurnituremanufacturers,CO.ZA
clcsa,CO.ZA
whtstrendin,CO.ZA
christodippenaarbfn,CO.ZA
wondernova,CO.ZA
integratedtech,CO.ZA
cactusculture,CO.ZA
lonrhoheavyfreight,CO.ZA
trevelen,CO.ZA
electricbikehire,CO.ZA
nyathibreeders,CO.ZA
gundoproductions,CO.ZA
mahinrdaellisras,CO.ZA
curtainsdrapes,CO.ZA
vtmf,CO.ZA
masteroflight,CO.ZA
nucitizen,CO.ZA
dnaelectronics,CO.ZA
waverleyfarms,CO.ZA
southernambition-packaging,CO.ZA
kittshoff-osborne,CO.ZA
klevrdesk,CO.ZA
listings-sa,CO.ZA
cashbackteam,CO.ZA
poy,CO.ZA
thriftyhut,CO.ZA
avigayil,CO.ZA
gevdi,CO.ZA
carsolar,CO.ZA
emediasales,CO.ZA
sanheimmedia,CO.ZA
setincement,CO.ZA
tshepieem,CO.ZA
lilyofthevalleydayspa,CO.ZA
icypurpose,CO.ZA
creativecraftexpo,CO.ZA
phoenixbrands,CO.ZA
tlmsecurity,CO.ZA
floren,CO.ZA
smellslikeheaven,CO.ZA
stewarthorticulture,CO.ZA
linvestholdings,CO.ZA
abguniversity,CO.ZA
wilhanresa,CO.ZA
tamsynlesch,CO.ZA
medsme,CO.ZA
gertfraser,CO.ZA
securityservicesjhb,CO.ZA
almaseehacollection,CO.ZA
ctp-dbn,CO.ZA
cubanadurban,CO.ZA
kelwande,CO.ZA
spaceadsbiz,CO.ZA
southafricanreviewer,CO.ZA
f1mothercity,CO.ZA
handymanwitbank,CO.ZA
bigdealexpo,CO.ZA
kineticflow,CO.ZA
ceresehairdesign,CO.ZA
liveyourlifecorporategifts,CO.ZA
mobilepbx,CO.ZA
womenatthewell,CO.ZA
capeofficechairs,CO.ZA
futurebuddies,CO.ZA
purplegemz,CO.ZA
eslsolutions,CO.ZA
vacantpost,CO.ZA
greydemo,CO.ZA
vernons-music,CO.ZA
artofcontent,CO.ZA
khulaforestry,CO.ZA
powerhausdetailing,CO.ZA
ajfosterelectrical,CO.ZA
royalempireequestriancentre,CO.ZA
afritechsol,CO.ZA
arattorney,CO.ZA
lorge,CO.ZA
marleoinvestigations,CO.ZA
blackboxholdings,CO.ZA
ythanku,CO.ZA
whatsinyourgarage,CO.ZA
tri-star,CO.ZA
aquamastersouthafrica,CO.ZA
betongolf,CO.ZA
thewoodstore,CO.ZA
tr-training,CO.ZA
justgottosay,CO.ZA
kiddiwash,CO.ZA
directvodacom,CO.ZA
ndlovu-kamabunda,CO.ZA
southernchern,CO.ZA
sentek,CO.ZA
lilrichtransport,CO.ZA
safetrading,CO.ZA
masakhaneforum,CO.ZA
mbeproperties,CO.ZA
tdaroadfreight,CO.ZA
beatyourdebt,CO.ZA
shineno1,CO.ZA
coreoffice,CO.ZA
gemtrader,CO.ZA
skoffice,CO.ZA
bophirimawest,CO.ZA
uniqueline,CO.ZA
knaufsa,CO.ZA
healthtraining,CO.ZA
mapfurniture,CO.ZA
sportcene,CO.ZA
aphrohera,CO.ZA
fiber,CO.ZA
wemadetheblade,CO.ZA
lsfgrp,CO.ZA
liftfill,CO.ZA
mntsconsulting,CO.ZA
jnbbn,CO.ZA
john-henri,CO.ZA
dzotrading,CO.ZA
hippogreen,CO.ZA
randburgstorage,CO.ZA
jbswitchgear,CO.ZA
customwoodart,CO.ZA
liquidchocolate,CO.ZA
jenwareingphysio,CO.ZA
eskompaia,CO.ZA
parowrentals,CO.ZA
ssatts,CO.ZA
salog,CO.ZA
vezlon,CO.ZA
bestbetauto,CO.ZA
kidsinternational,CO.ZA
apologysa,CO.ZA
cm-attorneys,CO.ZA
solutionsmedical,CO.ZA
wbcs,CO.ZA
cognikleen,CO.ZA
gmtechnical,CO.ZA
epiphany,CO.ZA
clyral,CO.ZA
entheos,CO.ZA
sacola,CO.ZA
designografx,CO.ZA
gfsbs,CO.ZA
democareonline,CO.ZA
velatelecom,CO.ZA
businesstelecom,CO.ZA
e-smc,CO.ZA
burghprop,CO.ZA
hotelsharrismith,CO.ZA
modbuild,CO.ZA
mahala,CO.ZA
gautengvendors,CO.ZA
zukavalley,CO.ZA
maemope,CO.ZA
arkwater,CO.ZA
saphepha,CO.ZA
therealmccoya,CO.ZA
lung,CO.ZA
geelvetbiltongwaterkloof,CO.ZA
xeesummer,CO.ZA
naughtyantics,CO.ZA
sukum-afrika,CO.ZA
jwsa,CO.ZA
xuluadslphone,CO.ZA
leciara,CO.ZA
100pd,CO.ZA
pearlvalleygolfestate,CO.ZA
fencequotes,CO.ZA
mammasshebeen,CO.ZA
stevcorr,CO.ZA
blueiriscosmetics,CO.ZA
doddsanddutler,CO.ZA
trudynteddy,CO.ZA
billa,CO.ZA
thirst-aid,CO.ZA
artistixedesignstudio,CO.ZA
kirstenvaleweddingvenue,CO.ZA
simmworld,CO.ZA
alleyroadscoza,CO.ZA
globalsteelcon,CO.ZA
reger,CO.ZA
themusicfactorysa,CO.ZA
sbuteeinvestments,CO.ZA
iraniansa,CO.ZA
dems,CO.ZA
graafskaak,CO.ZA
evokephotography,CO.ZA
mbackup,CO.ZA
b-real,CO.ZA
ithostsa,CO.ZA
spsit,CO.ZA
plettpoolandhome,CO.ZA
vmypju,CO.ZA
expressfurniture,CO.ZA
eududio,CO.ZA
moneytrading,CO.ZA
rosettaspa,CO.ZA
medi-source,CO.ZA
4wdbuggy,CO.ZA
lovetogive,CO.ZA
indolek,CO.ZA
hainesinitiative,CO.ZA
owowo,CO.ZA
generalcomputing,CO.ZA
cartobuy,CO.ZA
teamcs,CO.ZA
riddicks,CO.ZA
designsbyv,CO.ZA
buyelembo,CO.ZA
fastsnapads,CO.ZA
fuud,CO.ZA
ugroove,CO.ZA
bapotcqw,CO.ZA
ruf-automobile,CO.ZA
emendis,CO.ZA
shopokavango,CO.ZA
sapphireindustrial,CO.ZA
teetime,CO.ZA
drakensbergfarmstay,CO.ZA
weloveapparel,CO.ZA
nuha,CO.ZA
enetotechnologies,CO.ZA
safeletting,CO.ZA
shimarastudio,CO.ZA
vteevents,CO.ZA
valmatex,CO.ZA
faithzulu,CO.ZA
getawayworld,CO.ZA
gogreenqwaqwa,CO.ZA
go-energy,CO.ZA
joshtaxandadvisory,CO.ZA
fynbosstrand,CO.ZA
twigcor,CO.ZA
ufda,CO.ZA
landyrevival,CO.ZA
bluelineexpressfor,CO.ZA
holidayindurban,CO.ZA
nomakanjani2011,CO.ZA
aestheticsbelleza,CO.ZA
sinekhayacleaning,CO.ZA
carbonblacksports,CO.ZA
conduitcapital,CO.ZA
realcarservices,CO.ZA
urbanwavemail,CO.ZA
innov8ionstation,CO.ZA
blaauwbergcrimewatch,CO.ZA
zurish,CO.ZA
petrusmareedesign,CO.ZA
jamein,CO.ZA
rimolka,CO.ZA
brightsparkfoundation,CO.ZA
rdg-autobody,CO.ZA
usedcardealers-durban,CO.ZA
scoothench,CO.ZA
melarthouse,CO.ZA
domesticworkerbloemfontein,CO.ZA
gardint,CO.ZA
belsaf,CO.ZA
ryanjameson,CO.ZA
finditsolutions,CO.ZA
denvyk,CO.ZA
dealerappraisal,CO.ZA
spungold,CO.ZA
drhattingh,CO.ZA
seabrookintl,CO.ZA
bellaskielounge,CO.ZA
princealbertaccomodation,CO.ZA
hhhhhhhuuu,CO.ZA
pasucoffee,CO.ZA
easyac,CO.ZA
standardbank-house-saving,CO.ZA
blyinmy,CO.ZA
dysmedia,CO.ZA
regrowearth,CO.ZA
pawpawcases,CO.ZA
dataworldconnect,CO.ZA
imbalipest,CO.ZA
axelhomes,CO.ZA
charityandfaith,CO.ZA
healthnetwork,CO.ZA
hju,CO.ZA
wsbholdings,CO.ZA
lidworld,CO.ZA
jdcattorneys,CO.ZA
covax,CO.ZA
michaellawines,CO.ZA
psychonsite,CO.ZA
comworks,CO.ZA
ukproperty,CO.ZA
skaaklesse,CO.ZA
rightsideforesight,CO.ZA
breakupday,CO.ZA
exitdoor,CO.ZA
juanitaincomesolutions,CO.ZA
reinvent-culture,CO.ZA
diyf,CO.ZA
drop2shopmall,CO.ZA
ichor,CO.ZA
readymixcoldtar,CO.ZA
mquarrie-mlondolozi,CO.ZA
tigerseyepharm,CO.ZA
acgt,CO.ZA
janstax,CO.ZA
emagazines,CO.ZA
beep2me,CO.ZA
dia-compuservices,CO.ZA
onlinemediation,CO.ZA
grneuroconsultants,CO.ZA
excellearn2,CO.ZA
microza,CO.ZA
protumhealth,CO.ZA
purple-swan,CO.ZA
micro-watch,CO.ZA
jesolutions,CO.ZA
ibisplace,CO.ZA
gymrsa,CO.ZA
ict2011,CO.ZA
phloxnails,CO.ZA
ecparksboard,CO.ZA
fitnessreloaded,CO.ZA
nightguide,CO.ZA
sowe-tours,CO.ZA
imfundoconnect,CO.ZA
globalunionizationclaims,CO.ZA
brazilian-hair,CO.ZA
victoryrisk,CO.ZA
africanplants,CO.ZA
saventagroup,CO.ZA
tritonshippingcontainer,CO.ZA
tarynmcgowan,CO.ZA
swimwear-durban,CO.ZA
slowcock,CO.ZA
seohub,CO.ZA
digifax,CO.ZA
rawnecessities,CO.ZA
performancehobbies,CO.ZA
signwrap,CO.ZA
gordlaws,CO.ZA
farmerarmour,CO.ZA
senagroup,CO.ZA
jdedwards-testing,CO.ZA
sasolmoleleki,CO.ZA
mmea,CO.ZA
mobiletoilets4hire,CO.ZA
buyitright,CO.ZA
indabamontessoriacademy,CO.ZA
siodernco,CO.ZA
6ix9ine,CO.ZA
odettekruger,CO.ZA
stelmospizza,CO.ZA
boardplay,CO.ZA
homeschoolcurriculum,CO.ZA
zenakwai,CO.ZA
humbleheartscharity,CO.ZA
vahr,CO.ZA
freeword,CO.ZA
ecdcenter,CO.ZA
reliantprolog,CO.ZA
animationone,CO.ZA
certificateassistsa,CO.ZA
myupdates,CO.ZA
calloutsecure,CO.ZA
nokukhanyatrading,CO.ZA
metdev,CO.ZA
dreamcatcherestates,CO.ZA
bedscenturion,CO.ZA
faheemkathrada,CO.ZA
0842010,CO.ZA
nebula3d,CO.ZA
noracism,CO.ZA
auto-desk,CO.ZA
whatdeals,CO.ZA
shellpet,CO.ZA
savitra,CO.ZA
ttbaby,CO.ZA
workitout,CO.ZA
armstrongsports,CO.ZA
lionbase,CO.ZA
projectgulfgroup,CO.ZA
tadpolebranding,CO.ZA
parcelnet,CO.ZA
cflow,CO.ZA
ihcbs,CO.ZA
tgpharmacy,CO.ZA
solutionsem,CO.ZA
tinyhouseparksclub,CO.ZA
ocenticskincare,CO.ZA
googlepartner,CO.ZA
torode,CO.ZA
renscit,CO.ZA
atthesea,CO.ZA
trendz,CO.ZA
mangwabe,CO.ZA
langebaanletting,CO.ZA
ithembaekhaya,CO.ZA
drivinghope,CO.ZA
hockey,CO.ZA
prodotti,CO.ZA
affordableelegance,CO.ZA
write,CO.ZA
brand22cart,CO.ZA
dcbit,CO.ZA
calacreations,CO.ZA
weltool,CO.ZA
sweetdreamsbeds,CO.ZA
bestbuybrand,CO.ZA
airqualitycontrol,CO.ZA
azaniasa,CO.ZA
singlecab,CO.ZA
matthewyvonne,CO.ZA
gsimporters,CO.ZA
weddingvintu,CO.ZA
cheesetrader,CO.ZA
heavydutyaircon,CO.ZA
walkey,CO.ZA
frankinsure,CO.ZA
turbomandz,CO.ZA
easternshores,CO.ZA
querylookah,CO.ZA
niabrands,CO.ZA
insurancedistribution-sa,CO.ZA
renmatgold,CO.ZA
foodanchor,CO.ZA
todayrates,CO.ZA
afroberry90,CO.ZA
voelkliplodge,CO.ZA
krugersdorphigh,CO.ZA
deekev,CO.ZA
grot,CO.ZA
valmontestate,CO.ZA
nscssa,CO.ZA
cyqiq,CO.ZA
bulelaniandsikelela,CO.ZA
platinuminperspective,CO.ZA
wbmattorneys,CO.ZA
lerouxcontrolaircon,CO.ZA
theplayhive,CO.ZA
babaklere,CO.ZA
edge-consulting,CO.ZA
mrbigcomputers,CO.ZA
rocketfi,CO.ZA
fix-a-bumper,CO.ZA
physiotherapyleads,CO.ZA
branducate,CO.ZA
hadiba,CO.ZA
laphisizwe,CO.ZA
hashtagrecipes,CO.ZA
turftek,CO.ZA
career-makers,CO.ZA
pringlebayvillage,CO.ZA
gdi,CO.ZA
justpropertyamanzimtoti,CO.ZA
golftime,CO.ZA
tadashi,CO.ZA
hungeratbay,CO.ZA
theipg,CO.ZA
transportationservicesgauteng,CO.ZA
mastercoinauction,CO.ZA
potchbuiteklub,CO.ZA
sedacom,CO.ZA
mbulungae,CO.ZA
thecoolhunter,CO.ZA
submergetech,CO.ZA
randomshit,CO.ZA
lime-light,CO.ZA
gvveld,CO.ZA
dhklaw,CO.ZA
momamedia,CO.ZA
blvckiish,CO.ZA
teesforgolf,CO.ZA
genessi,CO.ZA
miconplant,CO.ZA
jemmatech,CO.ZA
rkmprocesssystems,CO.ZA
ledimosolutions,CO.ZA
cdcknysna,CO.ZA
auto-pilot,CO.ZA
tvnw-t87,CO.ZA
lovos,CO.ZA
saicaarticlespretoria,CO.ZA
leshokapaintingandplumbing,CO.ZA
crossfitculture,CO.ZA
kunzimasec,CO.ZA
bembanitshinavhe,CO.ZA
pioneerfoods,CO.ZA
gerestproductions,CO.ZA
trialmba,CO.ZA
coinforall,CO.ZA
msnjobs,CO.ZA
diosure,CO.ZA
reefermadness,CO.ZA
epitomeprojects,CO.ZA
capsecuritysystems,CO.ZA
babyphoria,CO.ZA
windowtintinggermiston,CO.ZA
kaylaajobs,CO.ZA
drbhoola,CO.ZA
kznsportsconfederation,CO.ZA
echoimports,CO.ZA
decordoctor,CO.ZA
apogee-water,CO.ZA
vortexposonline,CO.ZA
myparys,CO.ZA
autobrokermotors,CO.ZA
theed3,CO.ZA
the-ant,CO.ZA
koopweskus,CO.ZA
yysfajhsafjkzfsa,CO.ZA
turbocredits,CO.ZA
dinamsayiavbob,CO.ZA
kagoentleproject,CO.ZA
appleshop,CO.ZA
fullspectrumgroup,CO.ZA
foreverworks,CO.ZA
propertysmith,CO.ZA
simeonmahlangu,CO.ZA
gtgdevelopments,CO.ZA
redlineafrica,CO.ZA
lusangagpconstruction,CO.ZA
virtualfarmer,CO.ZA
njprestige,CO.ZA
ihsrecruiting,CO.ZA
sakerhollandot,CO.ZA
rhcmarketing,CO.ZA
cosmicsolutions,CO.ZA
huurnouma,CO.ZA
chopchoptreefellers,CO.ZA
cigars,CO.ZA
lkhumaloattorneys,CO.ZA
mhingeniattorneys,CO.ZA
bluefreeze,CO.ZA
theserialentrepreneurs,CO.ZA
elitesportmanagement,CO.ZA
corgifts,CO.ZA
appointmentmanager,CO.ZA
evsolservices,CO.ZA
empoweringstokvel,CO.ZA
cloudcode,CO.ZA
tsoe,CO.ZA
jacksonmeatco,CO.ZA
iamveelifestle,CO.ZA
emall,CO.ZA
bayeres,CO.ZA
starinsurance,CO.ZA
wallpapercraigsigns,CO.ZA
i2flex,CO.ZA
koifarm,CO.ZA
tshwaranangsol,CO.ZA
soldierofislam,CO.ZA
iplumbercapetown,CO.ZA
smartkidseducationaltoys,CO.ZA
sensol,CO.ZA
flauntworx,CO.ZA
portread,CO.ZA
loisjeans,CO.ZA
profibus-products,CO.ZA
agapeo7,CO.ZA
tnceilings,CO.ZA
quaff,CO.ZA
kallitnation,CO.ZA
ambassysolutions,CO.ZA
vimbaprotect,CO.ZA
topanddeck,CO.ZA
architectsjohannesburg,CO.ZA
mokholo-wild,CO.ZA
learnaid,CO.ZA
headacheclinic,CO.ZA
voguestyle,CO.ZA
cherryphotos,CO.ZA
onecallnow,CO.ZA
bigfishprinting,CO.ZA
guardpatrol,CO.ZA
metropark,CO.ZA
ahastaging,CO.ZA
sbcatering,CO.ZA
abond,CO.ZA
godsplanclassicevents,CO.ZA
systemlink-africa,CO.ZA
reqless,CO.ZA
103,CO.ZA
sathermomix,CO.ZA
kheleke,CO.ZA
orientroad,CO.ZA
sinobologroup,CO.ZA
garthlinx,CO.ZA
murphyattorneys,CO.ZA
ggmtoba,CO.ZA
ndimlho,CO.ZA
windfallstudios,CO.ZA
ackermans-club,CO.ZA
blommeman,CO.ZA
23onglen,CO.ZA
smart-bee,CO.ZA
ratemyinsurance,CO.ZA
numertro,CO.ZA
gomigom,CO.ZA
siyax,CO.ZA
okulanda,CO.ZA
motorcycleadv,CO.ZA
imfuyoprojects,CO.ZA
abantucompanies,CO.ZA
exoticspices,CO.ZA
fbiza,CO.ZA
mymatchatea,CO.ZA
rs21trdent,CO.ZA
anchoredliving,CO.ZA
lotto-plus,CO.ZA
rentajalopy,CO.ZA
minellecreations,CO.ZA
vpeng,CO.ZA
randgoldexchange,CO.ZA
ulwaziconsultants,CO.ZA
issm,CO.ZA
theelitecollection,CO.ZA
hsboov,CO.ZA
lowveldorganicscoza,CO.ZA
gourmetexposure,CO.ZA
clearnerficonsskyl,CO.ZA
valuemyassets,CO.ZA
cookeasy,CO.ZA
hollowbox,CO.ZA
venturetron,CO.ZA
petrafamily,CO.ZA
bontekstationeries,CO.ZA
stagecraftbrewery,CO.ZA
tauruscollective,CO.ZA
fairwaymotors,CO.ZA
scorgiepaints,CO.ZA
fluidcontrols,CO.ZA
focalmarketing,CO.ZA
hprop,CO.ZA
sasolclaremont,CO.ZA
apn-sport,CO.ZA
randtrading,CO.ZA
giglister,CO.ZA
marlibasson,CO.ZA
awgeneralrepairs,CO.ZA
pentecostalholinesschurch,CO.ZA
aurorasstarr,CO.ZA
buildandfence,CO.ZA
rainhubsolutions,CO.ZA
ubuntulanguageconsultancy,CO.ZA
wealighttutorial,CO.ZA
mastercare,CO.ZA
bushmansratepayers,CO.ZA
kilarneywilds,CO.ZA
gideonbehrens,CO.ZA
eternalspring,CO.ZA
cityridefleet,CO.ZA
tenakaknysna,CO.ZA
ikhayashopping,CO.ZA
normanirrigation,CO.ZA
saneledlamini,CO.ZA
printing-solutions,CO.ZA
55,CO.ZA
leadservice2,CO.ZA
ssbi,CO.ZA
luckyman,CO.ZA
masonics,CO.ZA
scadasecurity,CO.ZA
libellaphotography,CO.ZA
iceburgboksburg,CO.ZA
cityofpraise,CO.ZA
mnphouseconstruction,CO.ZA
sureguide,CO.ZA
jdr,CO.ZA
smartfundingsolutions,CO.ZA
businesscourse,CO.ZA
frozentime,CO.ZA
nmchevent,CO.ZA
grainlogistics,CO.ZA
bandblog,CO.ZA
tranquilexpress,CO.ZA
onerent,CO.ZA
itsjustnotcricket,CO.ZA
eyesupply,CO.ZA
kswservicecentre,CO.ZA
women-together,CO.ZA
kingdomaudio,CO.ZA
andurilgroup,CO.ZA
bnperry,CO.ZA
oyatha,CO.ZA
stockshop,CO.ZA
parship,CO.ZA
investmenttrees,CO.ZA
witbanktoyota,CO.ZA
felixmoyophotography,CO.ZA
steyncityremovals,CO.ZA
fullflamelifechurch,CO.ZA
trauma-24,CO.ZA
hpfa,CO.ZA
mcofficefurniture,CO.ZA
lifestyleclothing,CO.ZA
jabsurvival,CO.ZA
elitedebtservices,CO.ZA
pedh,CO.ZA
spotoncharlenekey,CO.ZA
incitecreativesolutions,CO.ZA
180dms,CO.ZA
theggpn,CO.ZA
boudoircapetown,CO.ZA
wildcanary,CO.ZA
ryancanary,CO.ZA
copiertrader,CO.ZA
ogs-solutions,CO.ZA
sports-freak,CO.ZA
xw,CO.ZA
isoleso,CO.ZA
paintdrop,CO.ZA
dawn2dusk,CO.ZA
towbgroup,CO.ZA
pureheart,CO.ZA
clearwatermall,CO.ZA
naturesback,CO.ZA
websitefirst,CO.ZA
appleairplay,CO.ZA
homeschool,CO.ZA
drmarapyane,CO.ZA
cafegreen,CO.ZA
holesponsor,CO.ZA
atlasmedical,CO.ZA
prinspac,CO.ZA
infocall,CO.ZA
countrywidedemolishers,CO.ZA
dominiquejacobs,CO.ZA
constantiasun,CO.ZA
helloglenwood,CO.ZA
thehitbag,CO.ZA
hunterscarpentry,CO.ZA
neillsa,CO.ZA
jokerspartypalace,CO.ZA
outleading,CO.ZA
swingers-fun,CO.ZA
liquidpe,CO.ZA
safcorpanalpina,CO.ZA
duffpretorius,CO.ZA
swartlandss,CO.ZA
estcourthospital,CO.ZA
puncture-proof,CO.ZA
mtga,CO.ZA
binocdok,CO.ZA
mlsnw,CO.ZA
sportsgear360,CO.ZA
savannatest,CO.ZA
meloafrika,CO.ZA
weptric,CO.ZA
freelivesex,CO.ZA
mishdrop,CO.ZA
3steps2health,CO.ZA
fbktechnologies,CO.ZA
football-gameon,CO.ZA
specialistcomposites,CO.ZA
ashwoodschool,CO.ZA
carstosell,CO.ZA
flosonline,CO.ZA
ubona,CO.ZA
securetills,CO.ZA
destinyprivatecollege,CO.ZA
wdg-news,CO.ZA
gration,CO.ZA
appgames,CO.ZA
tiorotip,CO.ZA
kidsgaming,CO.ZA
designedby,CO.ZA
tahalufinsurance,CO.ZA
bushnuts,CO.ZA
competitionrules,CO.ZA
ohmegawind,CO.ZA
pestcontrolelite,CO.ZA
janjira,CO.ZA
ironlionproductions,CO.ZA
mysfiworkspace,CO.ZA
admiredinafrica,CO.ZA
marvelflooring,CO.ZA
theitbru,CO.ZA
buldingcontractorsteyncity,CO.ZA
qam1ogu,CO.ZA
steelpp,CO.ZA
aphelionsystems,CO.ZA
st-enterprise,CO.ZA
homemakersfaironline,CO.ZA
tautsholotrans,CO.ZA
ohtaco,CO.ZA
harkerenterprises,CO.ZA
adultcostumes,CO.ZA
trueprofessionalism,CO.ZA
fusionlife,CO.ZA
stickerlab,CO.ZA
bakerybreakdowns,CO.ZA
thehrsuite,CO.ZA
trusa,CO.ZA
asilihomesa,CO.ZA
hyperproductionsa,CO.ZA
accommodationonthebeach,CO.ZA
tap-on-phone,CO.ZA
badart,CO.ZA
pointdurban,CO.ZA
linkprofound,CO.ZA
cambricollege,CO.ZA
lisolethu,CO.ZA
abiatechnologies,CO.ZA
rietondalehomecare,CO.ZA
chiefslotto,CO.ZA
yourperfectdomain,CO.ZA
ortholam,CO.ZA
tkmouldings,CO.ZA
sports-inc,CO.ZA
africandeveloper,CO.ZA
semoandassociates,CO.ZA
daviesfamily,CO.ZA
narsais,CO.ZA
theweightingroom,CO.ZA
comparemotorinsurance,CO.ZA
dynastycoin,CO.ZA
mccreedymandela,CO.ZA
unicorncove,CO.ZA
titanium-nutrition,CO.ZA
bondivax,CO.ZA
upcycleproject,CO.ZA
krank,CO.ZA
educationabroad,CO.ZA
sebenzaoh,CO.ZA
betterbids,CO.ZA
ossangltd,CO.ZA
oneatom,CO.ZA
blushbikini,CO.ZA
brandmasterpromo,CO.ZA
bionic,CO.ZA
xads,CO.ZA
photographersgauteng,CO.ZA
shuttersandshutterscapetown,CO.ZA
readytocure,CO.ZA
luscombe,CO.ZA
crimebarrier,CO.ZA
r3securityservices,CO.ZA
kidslearningcentre,CO.ZA
worldtel,CO.ZA
themeyerwedding,CO.ZA
marthinussteffen,CO.ZA
myextendedwarranty,CO.ZA
injula,CO.ZA
knowledgeco,CO.ZA
zambezilounge,CO.ZA
photo-frames,CO.ZA
jacal,CO.ZA
jamesoncaskmates,CO.ZA
umquba,CO.ZA
lamlochsafari,CO.ZA
nedusoft,CO.ZA
eastregion,CO.ZA
rmlicht,CO.ZA
how2zoho,CO.ZA
hlbglobal,CO.ZA
pageworkscorporate,CO.ZA
firebergcapital,CO.ZA
engenious,CO.ZA
wellness4life,CO.ZA
pdlifeandministry,CO.ZA
khazitraining,CO.ZA
thebiscuitmill,CO.ZA
sylany,CO.ZA
3ridge,CO.ZA
pipcoinwealth,CO.ZA
customs,CO.ZA
naticol,CO.ZA
holidaygetaway,CO.ZA
shekefula,CO.ZA
turktex,CO.ZA
suncitytour,CO.ZA
football4all,CO.ZA
durbancosmeticlaser,CO.ZA
reunertltd,CO.ZA
mainmed,CO.ZA
waterproofing-aquapol,CO.ZA
voslooetal,CO.ZA
whatscookingsa,CO.ZA
wiresandwifi,CO.ZA
afrikaansbybel,CO.ZA
plb2,CO.ZA
chianinasa,CO.ZA
billycoaches,CO.ZA
tuscany-ridge,CO.ZA
mfundwenhle,CO.ZA
matomebricks,CO.ZA
mortgageapplications,CO.ZA
florencestreet,CO.ZA
vende,CO.ZA
legalresponse,CO.ZA
infinityblack,CO.ZA
mnarecruiting,CO.ZA
botlabela,CO.ZA
ashanticare,CO.ZA
computerheaven,CO.ZA
beyonddestiny,CO.ZA
procarpseries,CO.ZA
bigcreektrading,CO.ZA
liquidatemybusiness,CO.ZA
avaseychelles,CO.ZA
metsnmabs,CO.ZA
saentertainmentonline,CO.ZA
cueb,CO.ZA
bkstrucking,CO.ZA
brands360,CO.ZA
canoncameras,CO.ZA
vaalwheels,CO.ZA
gresketch,CO.ZA
quebecfees,CO.ZA
crawley,CO.ZA
response-ability,CO.ZA
newproject,CO.ZA
eardrums,CO.ZA
carsforevents,CO.ZA
keldonmedia,CO.ZA
thrive-ability,CO.ZA
ecocivil,CO.ZA
rankigroup,CO.ZA
indiannailmat,CO.ZA
ohmsregistration,CO.ZA
urbanassault,CO.ZA
portshepstoneproperties,CO.ZA
chevaliere,CO.ZA
cblifting,CO.ZA
afmvisioncentre,CO.ZA
godimentos,CO.ZA
lawyersonline,CO.ZA
babystores,CO.ZA
stefduplessis,CO.ZA
stevenkaplan,CO.ZA
sginvitations,CO.ZA
emurai,CO.ZA
sonboyelectricals,CO.ZA
dumisanimac,CO.ZA
metro-pol,CO.ZA
emaphephetheni,CO.ZA
steynevents,CO.ZA
nichabiz,CO.ZA
novex,CO.ZA
autoadvantage,CO.ZA
sessiontelecoms,CO.ZA
resettraveltours,CO.ZA
kwantuinvestments,CO.ZA
autodump,CO.ZA
mvgenviron,CO.ZA
therealdrklatzow,CO.ZA
peopleofdestinyrsa,CO.ZA
celebratewhatmatters,CO.ZA
assurecloud,CO.ZA
sunshineprintwork,CO.ZA
goldleafmatcha,CO.ZA
myvalley,CO.ZA
kgomotsosecondaryschool,CO.ZA
wcwatertech,CO.ZA
jcgrecruitment,CO.ZA
limiaphotography,CO.ZA
activesushionbree,CO.ZA
jfjdr,CO.ZA
rasbio,CO.ZA
propertybusiness,CO.ZA
hendrikstrydom,CO.ZA
africantraditionhealer,CO.ZA
impressionsstyle,CO.ZA
ramconcretes,CO.ZA
resolutionphoto,CO.ZA
precrime,CO.ZA
allweldmarineandindustrial,CO.ZA
bookclubreads,CO.ZA
ecodistributionafrica,CO.ZA
worldfax,CO.ZA
speedworldbfn,CO.ZA
fuel-savings,CO.ZA
sendoutcards,CO.ZA
gqotsoupholstery,CO.ZA
allbuildingalterations,CO.ZA
innov8brokers,CO.ZA
jaminesafety,CO.ZA
creativeadvertising,CO.ZA
tennisbracelet,CO.ZA
flyota,CO.ZA
thehandtherapists,CO.ZA
exoticallydivine,CO.ZA
thespermbank,CO.ZA
littleleofilms,CO.ZA
enerage360,CO.ZA
bloemcontacts,CO.ZA
lorasoft,CO.ZA
modernistmarketing,CO.ZA
samsunggalaxyphone,CO.ZA
bbro,CO.ZA
mno2,CO.ZA
weskuspediater,CO.ZA
crossb,CO.ZA
jumping4petals,CO.ZA
thanksdadpg,CO.ZA
obcaviationconsultants,CO.ZA
peoplescooperative,CO.ZA
healthonline,CO.ZA
esswell,CO.ZA
molpattrading,CO.ZA
wantedlift,CO.ZA
drysuit,CO.ZA
ownholdprojects,CO.ZA
caffemushrooms,CO.ZA
platinumhygiene,CO.ZA
paycityproducts,CO.ZA
dustjunkies,CO.ZA
shootingstarstudios,CO.ZA
africanhiddenvoices,CO.ZA
thekaratbarsway,CO.ZA
binaryft,CO.ZA
brightsummermedia,CO.ZA
webclement,CO.ZA
back2basicsteambuilding,CO.ZA
uctgeneralsurgery,CO.ZA
pinto,CO.ZA
tholangfs,CO.ZA
borokwaconsulting,CO.ZA
makariosconsulting,CO.ZA
quotes4travel,CO.ZA
globalaccess,CO.ZA
inkunzibrands,CO.ZA
famaf,CO.ZA
bouncingbuddy,CO.ZA
videogo,CO.ZA
wholesomemarketing,CO.ZA
machaea,CO.ZA
skymo,CO.ZA
cabanagroup,CO.ZA
transportbrokers,CO.ZA
lauradeepatisserie,CO.ZA
kurnalpiestates,CO.ZA
suresystems,CO.ZA
mastermindconsultant,CO.ZA
motivationalletter,CO.ZA
60inchtv,CO.ZA
leewednesdays,CO.ZA
washapp,CO.ZA
toryzard,CO.ZA
lnlinvestments,CO.ZA
hendryproductions,CO.ZA
capabilityenablers,CO.ZA
explicatio,CO.ZA
youthwellness,CO.ZA
bargainboxhobbies,CO.ZA
sibaconnect,CO.ZA
occasionstation,CO.ZA
luzzitrading,CO.ZA
handsoffourherbs,CO.ZA
wtamarketing,CO.ZA
candyhouse,CO.ZA
bitmoney,CO.ZA
icb,CO.ZA
cycleatlynnwood,CO.ZA
moshapalo,CO.ZA
llodwa,CO.ZA
hmsplumbers,CO.ZA
quantumcs,CO.ZA
aeinitiative,CO.ZA
klerksport,CO.ZA
lundim,CO.ZA
rivianloan,CO.ZA
maamholdings,CO.ZA
ntsakohwatse,CO.ZA
sharepointcloud,CO.ZA
comfycab,CO.ZA
gsilubrication,CO.ZA
ledomainefarm,CO.ZA
ohambileyo,CO.ZA
curvesseapoint,CO.ZA
rainbowrags,CO.ZA
buildingsharp,CO.ZA
vjmc,CO.ZA
scentiment,CO.ZA
globalsecuritysolutions,CO.ZA
castingconnection,CO.ZA
smarttelcoms,CO.ZA
bongustoproducts,CO.ZA
travelworldwide,CO.ZA
alanaturelle,CO.ZA
fax2emailnumbers,CO.ZA
guzuxcq,CO.ZA
bringlightconstruction,CO.ZA
carpetmachinehire,CO.ZA
trouhelp,CO.ZA
sazimpump,CO.ZA
prepayment,CO.ZA
thebra,CO.ZA
ramsgate-self-catering,CO.ZA
tuinjong,CO.ZA
covdoc,CO.ZA
waitaminute,CO.ZA
spanetwork,CO.ZA
goodswap,CO.ZA
codesource,CO.ZA
kaapagri,CO.ZA
yumibiltong,CO.ZA
iziegramexpress,CO.ZA
dairymilk,CO.ZA
hirastore,CO.ZA
watersols,CO.ZA
doors24,CO.ZA
goprokarma,CO.ZA
trailer-jack,CO.ZA
gracefellowship,CO.ZA
huntingoptics,CO.ZA
wonderscomputers,CO.ZA
doggylicious,CO.ZA
jamiewilsoneventsmanagement,CO.ZA
datadistillery,CO.ZA
ultim8festival,CO.ZA
spectrumutilities,CO.ZA
schafer,CO.ZA
hiconstruction,CO.ZA
drlgmeyer,CO.ZA
k-wayinstitute,CO.ZA
blacksenseconsulting,CO.ZA
fimsa,CO.ZA
uniquelyresin,CO.ZA
danrich,CO.ZA
toffsandrogers,CO.ZA
trugrit,CO.ZA
khayalihle,CO.ZA
ekhayalethutravel,CO.ZA
treasurylink,CO.ZA
rationalenvironmental,CO.ZA
danvillehulpprojek,CO.ZA
cat-fish,CO.ZA
flexagonfreight,CO.ZA
intuitionguitarschool,CO.ZA
ministuff,CO.ZA
saorchard,CO.ZA
cpgg,CO.ZA
printime,CO.ZA
boatbooking,CO.ZA
cscraftsauces,CO.ZA
chovainvestments,CO.ZA
zimbabwespecials,CO.ZA
zck,CO.ZA
trssystems,CO.ZA
itvempowerment,CO.ZA
btggroup,CO.ZA
eazeadmin,CO.ZA
photographer-durban,CO.ZA
shafiway,CO.ZA
yellowsec,CO.ZA
pcclub,CO.ZA
webfixstudio,CO.ZA
thefashioncompany,CO.ZA
sbproductsandservices,CO.ZA
checkyourid,CO.ZA
qualitygroup,CO.ZA
sohilcurtains,CO.ZA
solidrockit,CO.ZA
tuktukbrewery,CO.ZA
ntakaproductions,CO.ZA
goldone1,CO.ZA
blusquareprojects,CO.ZA
gfl,CO.ZA
heroprojects,CO.ZA
rockholdings,CO.ZA
esppetroleum,CO.ZA
pestcontrolservices,CO.ZA
wiredmindz,CO.ZA
binkibear,CO.ZA
marikescakes,CO.ZA
shoppinggalore,CO.ZA
brandrivermarketing,CO.ZA
hydralytics,CO.ZA
syscorp,CO.ZA
babantle,CO.ZA
sexyclup,CO.ZA
cyberpals,CO.ZA
taft4x4,CO.ZA
stillbayhomes,CO.ZA
gautengbusinessbuzz,CO.ZA
northmedical,CO.ZA
yaseera-and-shameegh,CO.ZA
fitpreneur,CO.ZA
doblack,CO.ZA
bbmota,CO.ZA
basicbliss,CO.ZA
africannomination,CO.ZA
homeandoffice-cleaningservice,CO.ZA
halita,CO.ZA
stampads,CO.ZA
themakingofnative,CO.ZA
novabrandphoto,CO.ZA
alu-euro,CO.ZA
movers-edenvale,CO.ZA
thenakedmedia,CO.ZA
gillmarygardenservices,CO.ZA
icoachfreedom,CO.ZA
rapammo,CO.ZA
companycounsel,CO.ZA
healthygut,CO.ZA
rvwtech,CO.ZA
anewlifecentre,CO.ZA
awparcontfen,CO.ZA
bkmotorsports,CO.ZA
kaizencon,CO.ZA
rcinternational,CO.ZA
indulgenailspa,CO.ZA
lovemorestore,CO.ZA
yetooholdings,CO.ZA
fractiontitle,CO.ZA
wickedwordpress,CO.ZA
sustainablenetworking,CO.ZA
softcloth,CO.ZA
wendyalexander,CO.ZA
optiworx,CO.ZA
myop,CO.ZA
chrometicket,CO.ZA
homesolve,CO.ZA
surrtech,CO.ZA
hardballcancer,CO.ZA
windowsoxsa,CO.ZA
lusenathi,CO.ZA
grootvleiacc,CO.ZA
iconic-brands,CO.ZA
kb,CO.ZA
accessi,CO.ZA
trans-net,CO.ZA
elginstore,CO.ZA
creative-eats,CO.ZA
hondatrueadventure,CO.ZA
mogashoaicttrading,CO.ZA
naisacontruction,CO.ZA
thefiberglassfactory,CO.ZA
chickentyme,CO.ZA
mmadichaba,CO.ZA
matrix101,CO.ZA
griffindog,CO.ZA
goodtimingsuppliers,CO.ZA
knowlarity,CO.ZA
mcdlaw,CO.ZA
ihtalent,CO.ZA
hinedesign,CO.ZA
promo2worx,CO.ZA
the4irsa,CO.ZA
hdfoamsolutions,CO.ZA
mepjojects,CO.ZA
reintranet,CO.ZA
gi-baektkd,CO.ZA
rosamel,CO.ZA
adcor,CO.ZA
thistlesc,CO.ZA
cellphonecoporation,CO.ZA
knene,CO.ZA
sayitonabottle,CO.ZA
rstprogram,CO.ZA
ledimo,CO.ZA
sulertle,CO.ZA
sonrand,CO.ZA
m2mstay,CO.ZA
caferoyale,CO.ZA
murc,CO.ZA
irgrip,CO.ZA
rikcommunications,CO.ZA
micgor,CO.ZA
clickastrologist,CO.ZA
akzonobel,CO.ZA
powersave,CO.ZA
sesholasecurity,CO.ZA
selcheminvestmentfund,CO.ZA
swahadesigns,CO.ZA
georgepaving,CO.ZA
thecoffeebaron,CO.ZA
blazingfortune,CO.ZA
gubor,CO.ZA
enbuconsulting,CO.ZA
picacoupon,CO.ZA
delaporthattingh,CO.ZA
capetowncourses,CO.ZA
dzempire,CO.ZA
artistcollection,CO.ZA
creativityenhanced,CO.ZA
cbceast,CO.ZA
ziyahnalubricants,CO.ZA
edussist,CO.ZA
laiproffan,CO.ZA
universelite,CO.ZA
selectavan,CO.ZA
prijumaengineering,CO.ZA
abrainvestmentssa,CO.ZA
foodcleaning,CO.ZA
nannyacademy,CO.ZA
wall-e,CO.ZA
immivision,CO.ZA
reactadt,CO.ZA
lanta,CO.ZA
crazycakes,CO.ZA
margueritegroenewald,CO.ZA
gmdaquatics,CO.ZA
patwonder,CO.ZA
bluespotwater,CO.ZA
pontzatyres,CO.ZA
bestmassagechairs,CO.ZA
shanebrown,CO.ZA
travellingagency,CO.ZA
akani-ds,CO.ZA
jembeads,CO.ZA
investinbitcoin,CO.ZA
machado-ls,CO.ZA
draspoints,CO.ZA
prestigefountains,CO.ZA
digitalwebsites,CO.ZA
pushpincolonial,CO.ZA
internationaltradingfloor,CO.ZA
westernbulknamibia,CO.ZA
pietergeyer,CO.ZA
nkaconsult,CO.ZA
leopardatthefalls,CO.ZA
honeybeeconstruction,CO.ZA
letsgocamp,CO.ZA
destresslounge,CO.ZA
dengineering,CO.ZA
dbnpoyzn,CO.ZA
smartcontracthub,CO.ZA
emmadouglas,CO.ZA
rollinglux,CO.ZA
leadertrailerbodies,CO.ZA
kgotsongenterprises,CO.ZA
homecookedcatering,CO.ZA
myhumandesign,CO.ZA
weldingfilters,CO.ZA
sowt91,CO.ZA
otrbarmen,CO.ZA
pianocare,CO.ZA
gapo-group,CO.ZA
marriageproposal,CO.ZA
cybervineyards,CO.ZA
dedicatedwebhosting,CO.ZA
digitalexpressonline,CO.ZA
fortniteknight,CO.ZA
panasonictoughpad,CO.ZA
squeezeinn,CO.ZA
paduenterprise,CO.ZA
bainandbanda,CO.ZA
leggari,CO.ZA
newsabusinesses,CO.ZA
uberdeliverybikes,CO.ZA
neimil,CO.ZA
nthabilebina,CO.ZA
mecnet,CO.ZA
johannesburglegal,CO.ZA
michaelvanniekerk,CO.ZA
tnamedia,CO.ZA
skitterblinkpestcontrol,CO.ZA
inbetweenvs,CO.ZA
jvt,CO.ZA
miaakle,CO.ZA
realconcepts,CO.ZA
trinitycfc,CO.ZA
kingdombuilder,CO.ZA
pawsawhile,CO.ZA
delightfulmemories,CO.ZA
cherryfja,CO.ZA
stellenbreezy,CO.ZA
walkin-care,CO.ZA
theroughfactor,CO.ZA
kitchencupboardscapetown,CO.ZA
gecompany,CO.ZA
tfdev,CO.ZA
oakleythump,CO.ZA
masterhire1,CO.ZA
bsaexports,CO.ZA
batteryrepacking,CO.ZA
brotherstwelve,CO.ZA
ppbfw,CO.ZA
nevira,CO.ZA
yourhealthmatrix,CO.ZA
totalsecure,CO.ZA
groombeardsa,CO.ZA
feartrading,CO.ZA
joewhite,CO.ZA
bearingandpartsonline,CO.ZA
minisupporters,CO.ZA
allforsuresa,CO.ZA
247trading,CO.ZA
yellowforklifts,CO.ZA
lulekeconsulting,CO.ZA
omit,CO.ZA
mversepowersolutions,CO.ZA
windwalker,CO.ZA
phantomdji,CO.ZA
lafarge-gypsum,CO.ZA
cyberwisp,CO.ZA
elementcooker,CO.ZA
akaw,CO.ZA
dazzlingizzy,CO.ZA
stuff4nada,CO.ZA
lubawaprojects,CO.ZA
cprotectionkzn,CO.ZA
aaelectrical,CO.ZA
thebrandm,CO.ZA
homesteadafrica,CO.ZA
johanselec,CO.ZA
stokvelhub,CO.ZA
devhubtech,CO.ZA
picnicprivilege,CO.ZA
graphicsprint,CO.ZA
artbyjpentz,CO.ZA
tigerclub,CO.ZA
ballerssportingclub,CO.ZA
fluffynfresh,CO.ZA
wks,CO.ZA
compass2success,CO.ZA
fidasitrading,CO.ZA
mogulize,CO.ZA
rustiquecrafts,CO.ZA
uiihfc,CO.ZA
autozonerandfontein,CO.ZA
mybf,CO.ZA
kiatha,CO.ZA
detailxcellence,CO.ZA
thetradersnetwork,CO.ZA
thumbsuplocal,CO.ZA
agronotech,CO.ZA
vikela247,CO.ZA
madcoop,CO.ZA
buyeazy,CO.ZA
photografrica,CO.ZA
ctsolutions-africa,CO.ZA
r2k007,CO.ZA
jctechnology,CO.ZA
ashfordsa,CO.ZA
florenceandwatson,CO.ZA
junioreinstien,CO.ZA
witsfeesmustfall,CO.ZA
stayconnected,CO.ZA
lionofjudahrehab,CO.ZA
zinkwazibush,CO.ZA
caltholclearings,CO.ZA
tau-media,CO.ZA
squeakysubway,CO.ZA
brewequipment,CO.ZA
foresthillschool,CO.ZA
sckin,CO.ZA
printstudio,CO.ZA
bespokewallpapercapetown,CO.ZA
winelandsmarkets,CO.ZA
vertexappliances,CO.ZA
boltfuels,CO.ZA
sanrenmu,CO.ZA
xtremetp,CO.ZA
ruraldesign,CO.ZA
mijaripro,CO.ZA
sunsplashpools,CO.ZA
dpsgaming,CO.ZA
yeshradio,CO.ZA
kidicostore,CO.ZA
contractagreements,CO.ZA
bpretailers,CO.ZA
careerstatus,CO.ZA
lgbtqi,CO.ZA
brumavet,CO.ZA
acutemedia,CO.ZA
ilovetech,CO.ZA
theconnector,CO.ZA
allian,CO.ZA
karaglass,CO.ZA
handcraftedaesthetic,CO.ZA
simphiwemtombeni,CO.ZA
drrmmogane,CO.ZA
digitaltalent,CO.ZA
unrivaledroundbar,CO.ZA
middelburgpest,CO.ZA
syf,CO.ZA
octomate,CO.ZA
jetprinter,CO.ZA
capetownvaser,CO.ZA
marinemagic,CO.ZA
scary,CO.ZA
rosyrock,CO.ZA
heavenlyviews,CO.ZA
videcruit,CO.ZA
capetownloud,CO.ZA
sgagrofarming,CO.ZA
boesmansrug,CO.ZA
tmvanity,CO.ZA
wafersdrugs,CO.ZA
bovadaaffiliates,CO.ZA
equineonlinesales,CO.ZA
cybermenu,CO.ZA
fingerprintzone,CO.ZA
h2owater,CO.ZA
cgsconstruction,CO.ZA
barrymeyer,CO.ZA
theivylawschool,CO.ZA
randymkans82,CO.ZA
nwregion,CO.ZA
cheapbarcodes,CO.ZA
workriteindustries,CO.ZA
bonspar,CO.ZA
cookbook,CO.ZA
cashcallfax,CO.ZA
simplysmartsolutions,CO.ZA
mailgear,CO.ZA
lotterydraw,CO.ZA
loverush,CO.ZA
tree,CO.ZA
websitedesigntesting,CO.ZA
denimband,CO.ZA
afristory,CO.ZA
udiwo,CO.ZA
ehhqs,CO.ZA
liquorauction,CO.ZA
zademic,CO.ZA
recyclable,CO.ZA
portionpacking,CO.ZA
tjwedsdani,CO.ZA
mstechville,CO.ZA
tidyfilies,CO.ZA
propolok,CO.ZA
unclesam,CO.ZA
liquitech,CO.ZA
kurisaniesp,CO.ZA
100shots,CO.ZA
thamaniguesthouse,CO.ZA
vuurwapens,CO.ZA
pilotschoolsouthafrica,CO.ZA
mapsys,CO.ZA
checkin4charity,CO.ZA
scheunfinancials,CO.ZA
integritysworshipinstitute,CO.ZA
fwtfam,CO.ZA
elbcivils,CO.ZA
ek-se,CO.ZA
partyphotobooth,CO.ZA
medilast,CO.ZA
melife,CO.ZA
safedsoccerlegends,CO.ZA
vandelust,CO.ZA
mukwevhotiletreatment,CO.ZA
hiswillworshipcentre,CO.ZA
jjjswartsrubber,CO.ZA
tkbiokineticandsportscience,CO.ZA
airofit,CO.ZA
impronte,CO.ZA
safari-travelodge,CO.ZA
schopping,CO.ZA
musikmagafrika,CO.ZA
worldhealthcareplatform,CO.ZA
chipshot,CO.ZA
mapzn,CO.ZA
boksburgcommunity,CO.ZA
afrieuroholdings,CO.ZA
sharepointbusinessservices,CO.ZA
seafrontholiday,CO.ZA
mrwebhosting,CO.ZA
valotech291,CO.ZA
ezulwini-billys-lodge,CO.ZA
stylelet,CO.ZA
thereyet,CO.ZA
rentalalarm,CO.ZA
allweatherblinds,CO.ZA
geoinfotech,CO.ZA
create-design,CO.ZA
jayduplessis,CO.ZA
sawritersassociation,CO.ZA
jazzfoundation,CO.ZA
flat-pack,CO.ZA
dsiuodsjioefgds,CO.ZA
drivinginstyle,CO.ZA
sahvalking,CO.ZA
brandxpand,CO.ZA
fsovjn,CO.ZA
chillipanda,CO.ZA
aptsbranding,CO.ZA
supergashoes,CO.ZA
diaryofafightingman,CO.ZA
whatawow,CO.ZA
businessx,CO.ZA
collingconsulting,CO.ZA
architrack,CO.ZA
cornerstonesupreme,CO.ZA
eas-auto,CO.ZA
bowafrica,CO.ZA
solidariteitjeug,CO.ZA
mclarenconsulting,CO.ZA
champschallenge,CO.ZA
bfbboutique,CO.ZA
popuptogo,CO.ZA
dmaductingcc,CO.ZA
theroomsa,CO.ZA
fengshuibeaty,CO.ZA
dnadventures,CO.ZA
samgolden,CO.ZA
numinouschihuahuas,CO.ZA
cityfm,CO.ZA
mnmkonsult,CO.ZA
forexefi,CO.ZA
campandmarine,CO.ZA
jakaranda-staaldakke,CO.ZA
familytreeworldstore,CO.ZA
sttechnology,CO.ZA
branddoormarketing,CO.ZA
blqmedia,CO.ZA
monwi,CO.ZA
countrybench,CO.ZA
riversdalepharmacy,CO.ZA
sparrowrealtors,CO.ZA
glanceinivations,CO.ZA
richcolourafrica,CO.ZA
topolinos,CO.ZA
scales2000,CO.ZA
rentahelicopter,CO.ZA
randcoach,CO.ZA
primonegotium,CO.ZA
encoreinks,CO.ZA
selaeloinvestments,CO.ZA
exxaro,CO.ZA
marijuanastocks,CO.ZA
swiftdisplays,CO.ZA
tukiestate,CO.ZA
onehealthservices,CO.ZA
hatfieldconferencevenues,CO.ZA
kandkconsortium,CO.ZA
provert,CO.ZA
scrapwalling,CO.ZA
entrygeek,CO.ZA
simplychat,CO.ZA
jtnconsulting,CO.ZA
lcmbooks,CO.ZA
thugnation,CO.ZA
cakebrotherssa,CO.ZA
reddow,CO.ZA
mandelaforeignexchange,CO.ZA
modilac,CO.ZA
mineralfrieght,CO.ZA
westcoastcommunes,CO.ZA
room5,CO.ZA
hennomoolmandreyer,CO.ZA
cargocharter,CO.ZA
panellogix,CO.ZA
yourmoneymanager,CO.ZA
bokveldlam,CO.ZA
accentonlife,CO.ZA
lunchlia,CO.ZA
lansdowneglass,CO.ZA
harrisonsplace,CO.ZA
datathatspeaks,CO.ZA
muzoki,CO.ZA
panbio,CO.ZA
thirstnationalbank,CO.ZA
1stnationalbank,AFRICA
firstnationbank,CO.ZA
firstnationalbikes,CO.ZA